Manufacturer,Model,ICAO Type Designator,ICAO Legacy WTC,RECAT-EU WTC
Name,Signature,Name,Signature?,Date?
Prepared,Prepared by Eurocontrol,Prepared,Prepared by Eurocontrol?,14/12/2021?
Reviewed,Emmanuel Isambert,Reviewed,Emmanuel Isambert?,07/09/2022?
DOUGLAS,AD Skyraider,A1,M,CAT-F
AEROTEC (1),A-122 Uirapuru,A122,L,CAT-F
HESA,IRAN-140 Faraz,A140,M,CAT-E
ANTONOV,An-158,A158,M,TBC
ANTONOV,An-178,A178,M,CAT-E
AIRBUS,A319NEO,A19N,M,CAT-D
SCHLEICHER,ASW-20J,A20J,L,CAT-F
AEROPRACT,A-21 Solo,A21,L,CAT-F
ALFA-M,A-211,A211,L,CAT-F
SADLER,Piranha,A22,L,CAT-F
ANTONOV,Mriya,A225,H,Special
AVANTAGE,A-27,A27,L,CAT-F
AVANTAGE,A-29,A29,L,CAT-F
AIRBUS,A-300B4-600,A306,H,CAT-C
AVANTAGE,Spectrum,A31,L,CAT-F
AIRBUS,A-318,A318,M,CAT-D
AIRBUS,A-320,A320,M,CAT-D
AEROPRACT,A-33,A33,L,CAT-F
AIRBUS,A-330-300,A333,H,CAT-B
AIRBUS,A-330-800,A338,H,CAT-B
SCHLEICHER,AS-33Me,A33E,L,CAT-F
AIRBUS,A-340-200,A342,H,CAT-B
AIRBUS,A-340-500,A345,H,CAT-B
SCHLEICHER,AS-34Me,A34E,L,CAT-F
AIRBUS,A-350-900 XWB,A359,H,CAT-B
CESSNA,A-37 Dragonfly,A37,L,CAT-F
SATIC,A-300ST Beluga,A3ST,H,CAT-C
AIRBUS,A-400M Grizzly,A400,H,CAT-C
ADAM (2),CarbonAero,A500,L,CAT-F
GRUMMAN,A-6 Intruder,A6,M,CAT-E
ADAM (2),AdamJet,A700,L,CAT-F
BRITISH AEROSPACE,Bae-748,A748,M,CAT-E
NORTH AMERICAN,A-9 Sparrow,A9,L,CAT-F
OSKBES-MAI,MAI-960 Interfly,A910,L,CAT-F
AEROPRACT,A-37,AA37,L,CAT-F
AERO (3),AT-3,AAT3,L,CAT-F
AERO BOERO,AB-115,AB11,L,CAT-F
AERO BOERO,AB-180,AB18,L,CAT-F
ROCKWELL,112 Alpine,AC11,L,CAT-F
ROCKWELL,500 Shrike,AC50,L,CAT-F
AERO COMMANDER,Commander 560,AC56,L,CAT-F
AVIASTROITEL,AC-5M,AC5M,L,CAT-F
ROCKWELL,Commander 685,AC6L,L,CAT-F
NORTH AMERICAN,680W Turbo 2,AC80,L,CAT-F
ROCKWELL,Jetprop Commander,AC95,L,CAT-F
AUSTER,Autocar,ACAR,L,CAT-F
OPTION AIR,Acapella,ACPL,L,CAT-F
AVIA (3),Accord,ACRD,L,CAT-F
VICTA,Aircruiser,ACSR,L,CAT-F
AUSTER,Adventurer,ADVE,L,CAT-F
AMERICAN EAGLE,A-1,AEA1,L,CAT-F
TED SMITH,Aerostar,AEST,L,CAT-F
GATARD,AG-02 Poussin,AG02,L,CAT-F
IKAR,Ai-10 Ikar,AI10,L,CAT-F
BEAGLE-AUSTER,Airedale,AIRD,L,CAT-F
COMAC,ARJ-21-700 Xiangfeng,AJ27,M,CAT-E
AKAFLIEG KARLSRUHE,AK-1,AK1,L,CAT-F
AVIATION,Alaskan Bushmaster,ALBU,L,CAT-F
FANTASY AIR,Allegro,ALGR,L,CAT-F
BREGUET,1050 Alizé,ALIZ,M,CAT-F
AIRLONY,Skylane,ALSL,L,CAT-F
ATLAS,AM-3 Bosbok,AM3,L,CAT-F
ANTONOV,An-12,AN12,M,CAT-D
ANTONOV,An-22 Antheus,AN22,H,CAT-B
ANTONOV,An-26,AN26,M,CAT-E
ANTONOV,An-3,AN3,L,CAT-F
ANTONOV,An-32,AN32,M,CAT-E
ANTONOV,An-70,AN70,M,CAT-C
ANTONOV,An-8,AN8,M,CAT-D
TAI,Anka,ANKA,L,CAT-F
AEROPRAKT,SA-20 Vista,AP20,L,CAT-F
AEROPRAKT,Twin Vista,AP26,L,CAT-F
AEROPRAKT,A-32 Vixxen,AP32,L,CAT-F
MONIOT,APM-20 Lionceau,APM2,L,CAT-F
ISSOIRE,Simba,APM4,L,CAT-F
HINDUSTAN,Pushpak,AR11,L,CAT-F
AERONCA,50 Chief,AR50,L,CAT-F
AERONCA,65 Super Chief,AR65,L,CAT-F
ARADO,Ar-79,AR79,L,CAT-F
SCHEMPP-HIRTH,Arcus T,ARCP,L,CAT-F
ACEAIR,A-200 Aeris 200,ARKS,L,CAT-F
SKYCRAFT,Super 2,ARV1,L,CAT-F
ARROW (1),Sport,ARWF,L,CAT-F
SCHLEICHER,ASK-14,AS14,L,CAT-F
SCHLEICHER,ASW-20TOP,AS20,L,CAT-F
SCHLEICHER,ASW-22BLE,AS22,L,CAT-F
SCHLEICHER,ASH-25E,AS25,L,CAT-F
SCHLEICHER,ASW-28E,AS28,L,CAT-F
FFA,AS-202-32TP Turbine,AS2T,L,CAT-F
SCHLEICHER,ASH-31Mi,AS31,L,CAT-F
VIDOR,Asso 4 Whisky,ASO4,L,CAT-F
IAI,Gulfstream G100,ASTR,M,CAT-F
AIDC,Tzu-Chung,AT3,M,CAT-F
AIR TRACTOR,AT-302,AT3T,L,CAT-F
ATR,ATR-42-400,AT44,M,CAT-E
ATR,ATR-42-600,AT46,M,CAT-E
AIR TRACTOR,AT-503,AT5T,L,CAT-F
ATR,ATR-72-201,AT72,M,CAT-E
ATR,ATR-72-500,AT75,M,CAT-E
AIR TRACTOR,AT-802,AT8T,L/M,CAT-F
ATG,ATG-1 Javelin,ATG1,L,CAT-F
ROBIN,ATL,ATL,L,CAT-F
BRITISH AEROSPACE,ATP,ATP,M,CAT-E
BEAGLE-AUSTER,Auster AOP11,AU11,L,CAT-F
AUSTER,Archer,AUJ4,L,CAT-F
TAYLORCRAFT (2),Auster 4,AUS4,L,CAT-F
TAYLORCRAFT (2),Auster AOP6,AUS6,L,CAT-F
AUSTER,B5,AUS9,L,CAT-F
YALO,Avid Flyer,AVID,L,CAT-F
AVTEK,400,AVK4,L,CAT-F
AKAFLIEG BERLIN,B-13,B13,L,CAT-F
DOWNER,Bellanca 260,B14B,L,CAT-F
BOEING,B-17 Flying Fortress,B17,M,CAT-E
BEECH,1900,B190,M,CAT-F
MESSERSCHMITT-,Monsun,B209,L,CAT-F
CONVAIR,Liberator,B24,M,CAT-D
ON MARK,Marketeer,B26,M,CAT-E
BOEING,B-29 Superfortress,B29,M,CAT-D
YAKOVLEV AIRCRAFT,Bear 360,B360,L,CAT-F
BOEING,737 MAX -7,B37M,M,CAT-D
BOEING,737 MAX -9,B39M,M,CAT-D
BRITISH AEROSPACE,BAe-146-100,B461,M,CAT-E
BRITISH AEROSPACE,BAe-146-300,B463,M,CAT-E
BEECH,Baron (58TC),B58T,L,CAT-F
NORTHWEST TURBINE,Royal Turbine Duke,B60T,L,CAT-F
BOEING,707-300,B703,H,CAT-C
BOEING,720,B720,M,CAT-C
BOEING,727-200,B722,M,CAT-D
BOEING,737-300,B733,M,CAT-E
BOEING,737-500,B735,M,CAT-E
BOEING,737-700,B737,M,CAT-D
BOEING,737-900,B739,M,CAT-D
BOEING,747-200,B742,H,CAT-B
BOEING,747-400,B744,H,CAT-B
BOEING,747SR,B74R,H,CAT-B
BOEING,757-200,B752,M,CAT-C
BOEING,767-200,B762,H,CAT-C
BOEING,767-400,B764,H,CAT-C
BOEING,777-300,B773,H,CAT-B
BOEING,777-9,B779,H,CAT-B
BOEING,777-300ER,B77W,H,CAT-B
BOEING,787-9 Dreamliner,B789,H,CAT-B
BRITISH AEROSPACE,One-Eleven,BA11,M,CAT-E
JEFFAIR,Barracuda,BARC,L,CAT-F
BRADLEY,BA-100 Aerobat,BBAT,L,CAT-F
BUHL,Sport Airsedan,BCA3,L,CAT-F
AIRBUS,A-220-100,BCS1,M,CAT-D
PEREGRINE,PJ-3 Falcon,BD10,L,CAT-F
BEDE,BD-17 Nuggett,BD17,L,CAT-F
BEDE,BD-5B Micro,BD5,L,CAT-F
BEDE,Micro (BD-5TP),BD5T,L,CAT-F
BEECH,100 King Air,BE10,L,CAT-F
BEECH,18,BE18,L,CAT-F
BEECH,200 Super King Air,BE20,M,CAT-F
BEECH,24 Musketeer Super,BE24,L,CAT-F
BERIEV,Be-30,BE32,M,CAT-F
COLEMILL,Starfire Bonanza 35,BE35,L,CAT-F
BEECH,400 Beechjet,BE40,M,CAT-F
BEECH,50 Twin Bonanza,BE50,L,CAT-F
BEECH,56 Turbo Baron,BE56,L,CAT-F
BEECH,60 Duke,BE60,L,CAT-F
BEECH,70 Queen Air,BE70,L,CAT-F
BEECH,77 Skipper,BE77,L,CAT-F
BEECH,88 Queen Air,BE88,L,CAT-F
BEECH,99 Airliner,BE99,L,CAT-F
BEECH,90 (F90) King Air,BE9T,L,CAT-F
SHORT,SC-5 Belfast,BELF,M,CAT-C
ASAP,Beaver,BEVR,L,CAT-F
BRISTOL,Fighter,BFIT,L,CAT-F
EAA,Biplane,BIPL,L,CAT-F
BOT AIRCRAFT,SC-07 Speed Cruiser,BISC,L,CAT-F
BLERIOT,11,BL11,L,CAT-F
BELLANCA,19 Skyrocket,BL19,L,CAT-F
AMEUR,Altania,BLBU,L,CAT-F
BRISTOL,149 Blenheim,BLEN,L,CAT-F
MARANDA,BM-6 Lark,BM6,L,CAT-F
BRITTEN NORMAN,BN-2B Islander,BN2P,L,CAT-F
Boeing,40,BO40,L,CAT-F
RUTAN,Boomerang,BOOM,L,CAT-F
SCALED,367 BiPod,BPOD,L,CAT-F
BRUMBY,600,BR60,L,CAT-F
TECNAM,Bravo,BRAV,L,CAT-F
MAX HOLSTE,MH-1521 Broussard,BROU,L,CAT-F
CUSTOM FLIGHT,Bright Star,BSTR,L,CAT-F
KIMBREL,Dormoy Bathtub,BTUB,L,CAT-F
AIRCRAFT HYDRO-,Bushmaster 2000,BU20,L,CAT-F
DORNIER,Jungmeister,BU33,L,CAT-F
HAWKER SIDDELEY,Buccaneer,BUC,M,CAT-E
BROKAW,Bullet,BULT,L,CAT-F
BLACKWING,BW-600,BW60,L,CAT-F
CESSNA,402 (TURBINE),C02T,L,CAT-F
CESSNA,206 (TURBINE),C06T,L,CAT-F
SOLOY,208 Dual-Pac Caravan,C08T,L,CAT-F
INDAER CHILE,Aviojet,C101,L,CAT-F
FAIRCHILD (1),C-119 Flying Boxcar,C119,M,CAT-D
FAIRCHILD (1),C-123 Provider,C123,M,CAT-D
LOCKHEED,C-130 Hercules,C130,M,CAT-D
CESSNA,140,C140,L,CAT-F
CESSNA,414 (Turbine),C14T,L,CAT-F
CESSNA,150,C150,L,CAT-F
TRANSALL,C-160,C160,M,CAT-D
MCDONNELL,Globemaster 3,C17,H,CAT-C
CESSNA,172,C172,L,CAT-F
CESSNA,177 Cardinal,C177,L,CAT-F
CESSNA,182,C182,L,CAT-F
CESSNA,188 AgPickup,C188,L,CAT-F
CESSNA,195,C195,L,CAT-F
CESSNA,205,C205,L,CAT-F
CESSNA,207 Stationair,C207,L,CAT-F
CESSNA,210 Centurion,C210,L,CAT-F
CESSNA,421 (Turbine),C21T,L,CAT-F
CESSNA,T240 Corvalis TTx,C240,L,CAT-F
CESSNA,525B Citation CJ3,C25B,L,CAT-F
CESSNA,525 Citation M2,C25M,L,CAT-F
ALENIA AERMACCHI,C-27J Spartan,C27J,M,CAT-E
CESSNA,T303 Crusader,C303,L,CAT-F
LOCKHEED MARTIN,C-130J Hercules,C30J,M,CAT-D
CEA,CEA-311 Anequim,C311,L,CAT-F
CESSNA,335,C335,L,CAT-F
CESSNA,337 Super Skymaster,C337,L,CAT-F
EKW,C-3605,C365,L,CAT-F
CESSNA,404 Titan,C404,L,CAT-F
CESSNA,411,C411,L,CAT-F
IKARUS,C-42 Bison,C42,L,CAT-F
CESSNA,425 Corsair,C425,L,CAT-F
CURTISS,C-46 Commando,C46,M,CAT-D
CESSNA,Citation 1SP,C501,L,CAT-F
CESSNA,525 CitationJet,C525,L,CAT-F
CESSNA,Citation 2,C550,L,CAT-F
CESSNA,550B Citation Bravo,C55B,L,CAT-F
CESSNA,560XL Citation Excel,C56X,M,CAT-F
CESSNA,650 Citation 6,C650,M,CAT-F
CESSNA,680A Citation Latitude,C68A,M,CAT-F
CESSNA,172RG Cutlass RG,C72R,L,CAT-F
CESSNA,177 Cardinal RG,C77R,L,CAT-F
CESSNA,182 Skylane RG,C82R,L,CAT-F
CESSNA,TR182 Turbo Skylane,C82T,L,CAT-F
BOEING,C-97 Stratofreighter,C97,M,CAT-D
COMMONWEALTH (1),Boomerang,CA19,L,CAT-F
COMP AIR,CA-10XLT Comp Air,CA1T,L,CAT-F
COMP AIR,CA-3 Comp Air 3,CA3,L,CAT-F
CORVUS,CA-41 Racer,CA41,L,CAT-F
CVJETKOVIC,Mini Ace,CA61,L,CAT-F
COMP AIR,Comp Air 7P,CA7P,L,CAT-F
COMP AIR,CA-8 Comp Air 8,CA8,L,CAT-F
UNIVERSAL,Carbon Bird,CABI,L,CAT-F
DELISLE,Cadi,CAD2,L,CAT-F
COMP AIR,CA-J Comp Air Jet,CAJ,L,CAT-F
ST. CROIX,Pietenpol Aircamper,CAMP,L,CAT-F
FLIGHTWORKS,Capella,CAPL,L,CAT-F
AVIATION TRADERS,ATL-98 Carvair,CARV,M,CAT-D
CREATIVE FLIGHT,MPA Aerocat SR,CAT1,L,CAT-F
CESSNA,AW,CAW,L,CAT-F
CUB CRAFTERS,CC-19 XCub,CC19,L,CAT-F
CHILTON,DW-1,CDW1,L,CAT-F
CELAIR,Eagle 300,CEGL,L,CAT-F
FOUND,Centennial,CENT,L,CAT-F
AIDC,Chung-Tsing,CH1,L,CAT-F
ZENAIR,CH-150 Acro-Zénith,CH15,L,CAT-F
ZENAIR,CH-200 Zénith,CH20,L,CAT-F
ZENAIR,CH-2000 Zénith,CH2T,L,CAT-F
CHAMPION,Lancer,CH40,L,CAT-F
ZENITH,CH-601 Super Zodiac,CH60,L,CAT-F
ZENITH,CH-640 Zodiac,CH64,L,CAT-F
ZENITH,Stol (CH-701),CH70,L,CAT-F
CHAMPION,7ECA Citabria,CH7A,L,CAT-F
ZENITH,CH-801 Stol,CH80,L,CAT-F
NOIN,Choucas,CHCS,L,CAT-F
PODESVA,Chico,CHIC,L,CAT-F
SUPER-CHIPMUNK,Super-Chipmunk,CHIP,L,CAT-F
ELMWOOD,Christavia Mk4,CHR4,L,CAT-F
CORBY,Starlet,CJ1,L,CAT-F
AIDC,Ching-Kuo,CKUO,M,CAT-F
BOMBARDIER,Challenger 350,CL35,M,CAT-E
CANADAIR,CL-44-0 Guppy,CL4G,M,CAT-D
CARRIOU,RSA Club,CL8,L,CAT-F
NORTH AMERICAN,B-1 Snipe Commander,CLB1,L,CAT-F
REARWIN,8090 Cloudster,CLDS,L,CAT-F
CESSNA,C-165 Airmaster,CMAS,L,CAT-F
CASA,CN-235,CN35,M,CAT-E
GENERAL AVIA,Condor,CNDR,L,CAT-F
LEAVENS,Canuck,CNUK,L,CAT-F
COBRA,Arrow,COAR,L,CAT-F
LANCAIR,LC-42 Columbia 350,COL3,L,CAT-F
TEXAS AIRCRAFT,Colt,COLT,L,CAT-F
T & T AVIATION,Falcon,CORO,L,CAT-F
VOUGHT-SIKORSKY,F4U Corsair,CORS,M,CAT-F
NESMITH,Cougar,COUG,L,CAT-F
RANS,S-6 Coyote 2,COY2,L,CAT-F
RUTAN,Cozy,COZY,L,CAT-F
SCINTEX,CP-1310 Super,CP13,L,CAT-F
MUDRY,CAP-21,CP21,L,CAT-F
MUDRY,CAP-230,CP23,L,CAT-F
PIEL,CP-328 Super,CP32,L,CAT-F
PORTERFIELD,CP-65 Collegiate,CP65,L,CAT-F
PIEL,CP-80 Zéphir,CP80,L,CAT-F
PENA,Capena,CPNA,L,CAT-F
DYN'AERO,CR-100,CR10,L,CAT-F
PLUMB,Cracker Jack,CRAC,L,CAT-F
RANS,S-7 Courier,CRER,L,CAT-F
CANADAIR,Regional Jet CRJ-100,CRJ1,M,CAT-E
CANADAIR,Regional Jet CRJ-700,CRJ7,M,CAT-E
BOMBARDIER,Regional Jet CRJ-1000,CRJX,M,CAT-E
PACIFIC AEROSPACE,Airtrainer,CT4,L,CAT-F
ACES HIGH,Cuby 2,CUB2,L,CAT-F
CULP,Special,CULP,L,CAT-F
FISHER AERO,Culex,CULX,L,CAT-F
KELOWNA,CV-5800,CVLT,M,CAT-D
CARLSON,Skycycle,CYCL,L,CAT-F
WING,Derringer,D1,L,CAT-F
DORNA,D-139 Blue Bird,D139,L,CAT-F
SAN,D-150 Mascaret,D150,L,CAT-F
D'APUZZO,D-201 Sportwing,D201,L,CAT-F
RUAG,Dornier 228,D228,L,CAT-F
CENTRE EST,Capitaine,D250,L,CAT-F
DORNIER,Do-28 Skyservant,D28D,L,CAT-F
STARK,Turbulent,D31,L,CAT-F
AKAFLIEG,D-39,D39,L,CAT-F
OGMA,D-5,D5,L,CAT-F
BEAGLE-AUSTER,D-6,D6,L,CAT-F
FOKKER,D-7 Replica,D7,L,CAT-F
DAVIS,DA-2,DA2,L,CAT-F
DIAMOND,Katana (DA-40),DA40,L,CAT-F
DAVIS,DA-5,DA5,L,CAT-F
DIAMOND,DA-62,DA62,L,CAT-F
FISHER,Dakota Hawk,DAKH,L,CAT-F
UL-JIH,Fascination,DAL4,L,CAT-F
PARRISH,Dart,DART,L,CAT-F
DOUGLAS,DC-2,DC2,M,CAT-F
DOUGLAS,Super DC-3,DC3S,M,CAT-F
DOUGLAS,DC-4,DC4,M,CAT-D
DOUGLAS,DC-7,DC7,M,CAT-D
MCDONNELL,DC-8-60,DC86,H,CAT-C
MCDONNELL,DC-9-10,DC91,M,CAT-E
MCDONNELL,DC-9-30,DC93,M,CAT-E
MCDONNELL,DC-9-50,DC95,M,CAT-E
LYAVIN,Delfin,DELF,L,CAT-F
VIKING (1),Dragonfly,DFLY,L,CAT-F
DG FLUGZEUGBAU,DG-1000T,DG1T,L,CAT-F
GLASER-DIRKS,DG-500M,DG50,L,CAT-F
GLASER-DIRKS,DG-800,DG80,L,CAT-F
DE HAVILLAND,DHC-3 Turbo Otter,DH3T,L,CAT-F
DE HAVILLAND,Moth,DH60,L,CAT-F
DE HAVILLAND,DH-82 Tiger Moth,DH82,L,CAT-F
DE HAVILLAND,DH-84 Dragon,DH84,L,CAT-F
DE HAVILLAND,Hornet Moth,DH87,L,CAT-F
DE HAVILLAND,Dragon Rapide,DH89,L,CAT-F
DE HAVILLAND,DHC-8-200 Dash 8,DH8B,M,CAT-E
DE HAVILLAND,DHC-8-400 Dash 8,DH8D,M,CAT-E
DE HAVILLAND,Moth Minor,DH94,L,CAT-F
DE HAVILLAND,Chipmunk,DHC1,L,CAT-F
DE HAVILLAND,DHC-3 Otter,DHC3,L,CAT-F
DE HAVILLAND,DHC-5 Buffalo,DHC5,M,CAT-E
DE HAVILLAND,DHC-7 Dash 7,DHC7,M,CAT-E
DIJKMAN-DULKES,Dijkhastar 3,DIJ3,L,CAT-F
GANZAVIA,GAK-22 Dinó,DINO,L,CAT-F
DIAMOND,D-Jet,DJET,L,CAT-F
DORNIER,Fpl53,DO27,L,CAT-F
KOVACH-ELMENDORF,Doc's RX,DOCX,L,CAT-F
DE HAVILLAND,DH-104 Dove,DOVE,L,CAT-F
ROBIN,Excellence,DR10,L,CAT-F
ROBIN,DR-380 Prince,DR30,L,CAT-F
AUSTFLIGHT,Drifter,DRIF,L,CAT-F
SMITH (1),Miniplane,DSA1,L,CAT-F
DRIGGS,Skylark,DSLK,L,CAT-F
VERHEES,D-2 Delta,DTA2,L,CAT-F
TAIFUN,DMZ-2 Osa,DUB2,L,CAT-F
SCHEMPP-HIRTH,Duo Discus T,DUOD,L,CAT-F
MARSDEN,Skylark,DV1,L,CAT-F
HOAC,Katana,DV20,L,CAT-F
EKW,D-27,DWD2,L,CAT-F
EMBRAER,EMB-120 Brasilia,E120,M,CAT-F
EMBRAER,EMB-135,E135,M,CAT-E
EMBRAER,EMB-170,E170,M,CAT-E
EMBRAER,EMB-195,E195,M,CAT-E
EXTRA,EA-200,E200,L,CAT-F
EMBRAER,E175-E2,E275,M,TBC
EMBRAER,E195-E2,E295,M,CAT-D
TAYLOR (1),Cub (E-2),E2CB,L,CAT-F
EMBRAER,AT-29,E314,L,CAT-F
EMBRAER,Legacy 650,E35L,M,CAT-E
BOEING,E-3A (CFM56) Sentry,E3CF,H,CAT-C
EXTRA,EA-400,E400,L,CAT-F
EXTRA,EA-500,E500,L,CAT-F
CESSNA,E530 Scorpion,E530,M,CAT-F
EMBRAER,EMB-550 Legacy 500,E550,M,CAT-E
BOEING,Mercury,E6,H,CAT-C
EMBRAER,EMB-175 (long wing),E75L,M,CAT-E
BOEING,E-767,E767,H,CAT-C
ECLIPSE,Eclipse 400,EA40,L,CAT-F
GROSSO,Easy Eagle,EAEA,L,CAT-F
AMEAGLE,American Eaglet,EAGT,L,CAT-F
BINDER (2),EB-29,EB29,L,CAT-F
CROSES,Tourisme,EC6,L,CAT-F
ZIVKO,Edge 540,EDGE,L,CAT-F
BYE AEROSPACE,eFlyer 2,EF2,L,CAT-F
AEROTREK,A-220,EFOX,L,CAT-F
GROB,Strato 1,EGRT,L,CAT-F
PARNALL,Elf,ELF,L,CAT-F
EXPLORER (1),Ellipse,ELPS,L,CAT-F
PUTZER,Elster,ELST,L,CAT-F
MARGANSKI,EM-10 Bielik,EM10,L,CAT-F
LANCASHIRE,EP-9 Prospector,EP9,L,CAT-F
EPIC AIRCRAFT,E-1000,EPIC,L,CAT-F
DICKEY,E-Racer,ERAC,L,CAT-F
EARLY BIRD,Spad 13 80%,ES13,L,CAT-F
REALITY,Escapade,ESCP,L,CAT-F
BINDER (2),Eta,ETA,L,CAT-F
EUROFIGHTER,Typhoon,EUFI,M,CAT-E
FFT,Eurotrainer 2000,EURT,L,CAT-F
EVEKTOR,EV-97 EuroStar,EV97,L,CAT-F
EPIC AIRCRAFT,Epic Victory,EVIC,L,CAT-F
LANCAIR,Evolution Turbine,EVOT,L,CAT-F
EXPLORER (2),Explorer 500T,EX5T,L,CAT-F
WHEELER,Express,EXPR,L,CAT-F
BLUE YONDER,Twin E-Z Flyer,EZFT,L,CAT-F
ISTRA,Ezhik,EZIK,L,CAT-F
MITSUBISHI,F-1,F1,M,CAT-F
LOCKHEED,F-104 Starfighter,F104,M,CAT-F
GENERAL DYNAMICS,F-111 Raven,F111,M,CAT-E
RIMOWA,F-13 Replica,F13,L,CAT-F
BOEING,F-15 Eagle,F15,M,CAT-E
GENERAL DYNAMICS,F-16 Fighting Falcon,F16,M,CAT-E
BOEING,FA-18 Hornet,F18H,M,CAT-E
AVION,F-1 Favorit,F1FV,L,CAT-F
LOCKHEED,F-22 Raptor,F22,M,CAT-E
SIAI-MARCHETTI,SF-260T,F26T,L,CAT-F
FOKKER,F-28 Fellowship,F28,M,CAT-E
GOLDEN CAR,Brio,F30,L,CAT-F
TEXAS AIRPLANE,F3F Replica,F3F,L,CAT-F
REIMS,F406 Vigilant,F406,L,CAT-F
NORTHROP,F-5 Tiger 2,F5,M,CAT-F
IRIAF,Saeghe,F5SA,M,CAT-F
VULCANAIR,Canguro,F600,L,CAT-F
LTV,F-8 Crusader,F8,M,CAT-F
SEQUOIA,Falco,F8L,L,CAT-F
GRUMMAN,G-79 Panther,F9F,M,CAT-F
FLÄMING AIR,FA-02 Smaragd VLA,FA02,L,CAT-F
FLÄMING AIR,Peregrine,FA04,L,CAT-F
FAIRCHILD (2),Husky,FA11,L,CAT-F
FAIRCHILD (1),F-24 Argus,FA24,L,CAT-F
DASSAULT,Falcon 5X,FA5X,M,CAT-E
DASSAULT,Falcon 7X,FA7X,M,CAT-E
ATEC,321 Faeta,FAET,L,CAT-F
PHILLIPS & POWIS,M-3 Falcon Major,FALM,L,CAT-F
RTAF,Fantrainer,FANT,L,CAT-F
BOWERS,Fly Baby 1B,FB1B,L,CAT-F
FOUND,FBA-2 Bush Hawk,FBA2,L,CAT-F
PAKISTAN,JF-17 Thunder,FC1,M,CAT-F
FLIGHT DESIGN,MC,FDMC,L,CAT-F
AEROSTAR (2),R40S Festival,FEST,L,CAT-F
FARIGOUX,Origan,FG01,L,CAT-F
STARFIRE,Firebolt Convertible,FIBO,L,CAT-F
FIKE,E,FIKE,L,CAT-F
AEROSTAR (1),FJ-100,FJ10,L,CAT-F
B & F TECHNIK,FK-12 Comet,FK12,L,CAT-F
B & F TECHNIK,FK-9,FK9,L,CAT-F
METEOR,FL-53,FL53,L,CAT-F
METEOR,FL-55,FL55,L,CAT-F
FINMECCANICA,Falco,FLCO,L,CAT-F
FLEET,7 Fawn,FLE7,L,CAT-F
EURO-FLY,Flash,FLSH,L,CAT-F
FLYING MACHINES,FM-250 Vampire,FM25,L,CAT-F
STEWART (2),Foo Fighter,FOOF,L,CAT-F
VALMET,Magister,FOUG,L,CAT-F
TEAM TANGO,Foxtrot-4,FOXT,L,CAT-F
SKY RAIDER,Frontier,FRNT,L,CAT-F
FALCONAR,Mustang,FS51,L,CAT-F
SARGENT-FLETCHER,FU-24,FU24,L,CAT-F
MAGNUS,MG-11 e-Fusion,FUSI,L,CAT-F
FOUR WINDS,FX-210,FW21,L,CAT-F
FOCKE-WULF,Fw-190 Replica,FW90,L,CAT-F
GUERIN,G-1,G1,L,CAT-F
GROB,Ranger (G-109),G109,L,CAT-F
GROB,G-120 Snunit,G120,L,CAT-F
GROB,G-140TP,G140,L,CAT-F
GRUMMAN,TC-4 Academe,G159,M,CAT-E
GROB,Ranger (G-160),G160,L,CAT-F
GENERAL AIRCRAFT,Skyfarer,G180,L,CAT-F
GILES,G-202,G202,L,CAT-F
IAI,Gulfstream G250,G250,M,CAT-E
SOKO,G-2 Galeb,G2GL,L,CAT-F
REMOS,Mirage,G3,L,CAT-F
FIAT,G-46,G46,L,CAT-F
FIAT,G-59,G59,L,CAT-F
GROPPO,SG-70 STOLGlass,G70,L,CAT-F
GROB,G-850 Strato 2C,G850,M,CAT-F
SAI (2),G-97 Spotter,G97,L,CAT-F
GIPPSLAND,Fatman,GA20,L,CAT-F
GULFSTREAM,Gulfstream G600,GA6C,M,CAT-E
GULFSTREAM,Gulfstream G700,GA7C,M,CAT-E
BLACKSHAPE,Gabriel,GABR,L,CAT-F
FAIREY,Gannet,GANT,M,CAT-F
GAVILAN,EL-1 Gavilan 358,GAVI,L,CAT-F
BEETS,Special,GBSP,L,CAT-F
MILES,M-65 Gemini,GEMI,L,CAT-F
AERO SERVICES,Guêpe,GEPE,L,CAT-F
SCALED,311 Global Flyer,GFLY,M,CAT-F
BOMBARDIER,BD-700 Global 6000,GL6T,M,CAT-E
GLOSTER,Gladiator,GLAD,L,CAT-F
RAYTHEON,Sentinel,GLEX,M,CAT-E
GULFSTREAM,G-1159A Gulfstream 3,GLF3,M,CAT-E
GULFSTREAM,Gulfstream,GLF5,M,CAT-E
NEW GLASTAR,Sportsman 2+2,GLSP,L,CAT-F
STODDARD-,Turbine Glasair,GLTU,L,CAT-F
INTRACOM,Viper,GM17,L,CAT-F
HAWKER SIDDELEY,Gnat,GNAT,L,CAT-F
GOAIR,Trainer,GOTR,L,CAT-F
PEREIRA,GP-4,GP4,L,CAT-F
LUNDY,Graflite,GRAF,L,CAT-F
CANADA AIR RV,Griffin,GRIF,L,CAT-F
SLIPSTREAM,Revelation,GSIS,L,CAT-F
AERO SERVICES,Super Guepard,GUEP,L,CAT-F
REMOS,GX,GX,L,CAT-F
MARANDA,BM-4,GY20,L,CAT-F
SUD,GY-80 Horizon,GY80,L,CAT-F
HB-AIRCRAFT,Fledger,H202,L,CAT-F
HB-FLUGTECHNIK,HB-207 Alfa,H207,L,CAT-F
RAYTHEON,Hawker 800,H25B,M,CAT-F
HOFFMANN,H-40,H40,L,CAT-F
HAWKER BEECHCRAFT,4000 Hawker Horizon,HA4T,M,CAT-E
MCDONNELL,EAV-8 Matador,HAR,M,CAT-F
BRDITSCHKA,Hobbyliner (HB-21),HB21,L,CAT-F
BRDITSCHKA,HB-3,HB3,L,CAT-F
HUREL-DUBOIS,HD-34,HD34,M,CAT-D
STEWART (2),Headwind,HEAD,L,CAT-F
MBB,HFB-320 Hansa,HF20,M,CAT-F
JUST,Highlander,HIGH,L,CAT-F
LAMBACH,HL-2 Replica,HL2,L,CAT-F
MIGNET,HM-380,HM38,L,CAT-F
WALLERKOWSKI,Hornisse,HORN,L,CAT-F
HISTORICAL AIRCRAFT,PZL P-11C,HPZL,L,CAT-F
ROBIN,Acrobin,HR20,L,CAT-F
HARMON (2),Rocket,HROC,L,CAT-F
HISTORICAL AIRCRAFT,Ryan Trainer,HRYA,L,CAT-F
HINDUSTAN,HT-2,HT2,L,CAT-F
HINDUSTAN,HTT-34,HT34,L,CAT-F
HINDUSTAN,HTT-40,HT40,L,CAT-F
SHENYANG SAILPLANE,HU-2 Petrel,HU2,L,CAT-F
AEROTEK (2),Hummingbird,HUMM,L,CAT-F
HAWKER,Sea Hurricane,HURI,L,CAT-F
CHRISTEN,A-1 Husky,HUSK,L,CAT-F
ILYUSHIN,Il-103,I103,L,CAT-F
AISA,I-115,I115,L,CAT-F
POLIKARPOV,I-153,I153,L,CAT-F
POLIKARPOV,I-16,I16,L,CAT-F
PZL-SWIDNIK,I-23 Manager,I23,L,CAT-F
IANNOTTA,I-66 San Francisco,I66,L,CAT-F
DINFIA,Ranquel,IA46,L,CAT-F
FMA,IA-51 Tehuelche,IA51,L,CAT-F
LMAASA,AT-63 Pampa,IA63,L,CAT-F
ILYUSHIN,Il-14,IL14,M,CAT-E
ILYUSHIN,Il-28,IL28,M,CAT-E
ILYUSHIN,Il-62,IL62,H,CAT-C
ILYUSHIN,Il-86,IL86,H,CAT-C
IMPULSE,Impulse,IMPU,L,CAT-F
INPAER,Excel,INEC,L,CAT-F
ION,Ion,ION,L,CAT-F
IPE,IPE-010,IP10,L,CAT-F
IPE,IPE-06A,IP6A,L,CAT-F
ICA,IAR-821,IR21,L,CAT-F
ICA,IAR-823,IR23,L,CAT-F
ICA,Triumf,IR25,L,CAT-F
ICA,IS-28MA,IR28,L,CAT-F
IAR,Katty,IR46,L,CAT-F
ICA,IS-28M2,IS28,L,CAT-F
ISAACS,Spitfire,ISPT,L,CAT-F
CHENGDU,F-10,J10,M,CAT-E
TAYLOR (1),J-2 Cub,J2,L,CAT-F
WAGAERO,Cuby Acro Trainer,J3,L,CAT-F
RUAG,Dornier 328 JET Envoy,J328,M,CAT-E
PIPER,AE Cub Cruiser,J5,L,CAT-F
SHENYANG,F-8T,J8B,M,CAT-E
SEABIRD,Yamamah J430,JAB4,L,CAT-F
POBER,Junior Ace,JACE,L,CAT-F
MARCO,J-5 Marco,JAJ5,L,CAT-F
SCHEMPP-HIRTH,Janus CT,JANU,L,CAT-F
SOKO,Jastreb,JAST,L,CAT-F
COUPE,JC-01,JC01,L,CAT-F
IAI,Commodore Jet,JCOM,M,CAT-F
DYKE,JD-2 Delta,JD2,L,CAT-F
EUROALA,Jet Fox,JFOX,L,CAT-F
EKOLOT,Beetle,JK05,L,CAT-F
CAUDRON,JN-760 Cyclone,JN76,L,CAT-F
HUNTING PERCIVAL,Jet Provost,JPRO,L,CAT-F
JETSTREAM,HP-137 Jetstream 1,JS1,L,CAT-F
VOLPAR,Century Jetstream 3,JS3,L,CAT-F
BRITISH AEROSPACE,BAe-3200 Jetstream,JS32,M,CAT-F
PROMAVIA,F-1300 Jet Squalus,JSQA,L,CAT-F
TAYLOR (4),Titch,JT2,L,CAT-F
KAMINSKAS,RK-1 Jungster 1,JUN1,L,CAT-F
MALMO,Junior,JUNR,L,CAT-F
KESTREL (1),K-250,K250,L,CAT-F
BOEING,C-135FR Stratotanker,K35R,H,CAT-C
KOVACS,Peregrino,K51,L,CAT-F
KARI,Firefly,KAFI,L,CAT-F
KIEGER,AK-3,KAK3,L,CAT-F
KARI,Twinbee,KATB,L,CAT-F
KAWASAKI,XC-2,KC2,H,CAT-C
KESTREL (2),Sport Hawk,KEHA,L,CAT-F
KELLY,D,KELD,L,CAT-F
FARNBOROUGH,F-1 Kestrel,KEST,L,CAT-F
KITPLANES FOR,Safari,KFAS,L,CAT-F
TRI-R,KIS TD,KIS2,L,CAT-F
MITCHELL-PROCTER,Kittiwake,KITI,L,CAT-F
KARI-KEEN,Coupe,KK60,L,CAT-F
FLIGHT DESIGN-,KLA-100,KL10,L,CAT-F
KLEMM,Kl-35,KL35,L,CAT-F
FUJI,TL-1,KM2,L,CAT-F
QUEST,Kodiak,KODI,L,CAT-F
KAPPA,Sova,KP2,L,CAT-F
RAND,KR-1,KR1,L,CAT-F
KREIDER-REISNER,Challenger (C-6),KR21,L,CAT-F
KREIDER-REISNER,C-2 Challenger,KR31,L,CAT-F
SOKO,Kraguj,KRAG,L,CAT-F
FLSZ,DK-1 Der Kricket,KRIC,L,CAT-F
KOREA AEROSPACE,KO-1 Woong-Bee,KT1,L,CAT-F
SAI (1),KZ-2 Traener,KZ2,L,CAT-F
SAI (1),KZ-4,KZ4,L,CAT-F
SAI (1),KZ-8,KZ8,L,CAT-F
LOCKHEED,TriStar,L101,H,CAT-C
QUARTZ MOUNTAIN,11E,L11E,L,CAT-F
LONGREN,L-13 Centaur,L13,L,CAT-F
AEROTECHNIK,Vivat,L13S,L,CAT-F
HONGDU,L-15 Lieying,L15,M,CAT-F
PACAERO,Learstar,L18,M,CAT-F
LOCKHEED,L-188 Electra,L188,M,CAT-E
AERO (2),Delfin,L29,L,CAT-F
LOCKHEED,Jetstar 2,L29B,M,CAT-E
LEDERLIN,380 Ladybug,L380,L,CAT-F
ORLICAN,Meta Sokol,L40,L,CAT-F
STINSON,OY Sentinel,L5,L,CAT-F
ORLICAN,L-60 Brigadyr,L60,L,CAT-F
VALMET,L-70 Miltrainer,L70,L,CAT-F
VALMET,L-90TP Redigo,L90,L,CAT-F
AERMACCHI,AL-60 Turbine Grizzly,LA6T,L,CAT-F
LANGE,E-1 Antares 20E,LAE1,L,CAT-F
AVIA BALTIKA,LAK-X,LAKX,L,CAT-F
NORTH AMERICAN,Lark Commander,LARK,L,CAT-F
REFLEX,Lightning Bug,LBUG,L,CAT-F
LAIRD,Commercial,LCB,L,CAT-F
LANCAIR,Legacy,LEG2,L,CAT-F
CHICHESTER-MILES,Leopard,LEOP,L,CAT-F
TAPANEE,Levitation 4,LEVI,L,CAT-F
LH AVIATION,LH-10 Ellipse,LH10,L,CAT-F
GRIFFON,Lionheart,LION,L,CAT-F
LEAR JET,24,LJ24,L,CAT-F
LEARJET,28,LJ28,L,CAT-F
LEARJET,35,LJ35,M,CAT-F
LEARJET,45,LJ45,M,CAT-F
LEARJET,60,LJ60,M,CAT-F
LEARJET,75,LJ75,M,CAT-F
SPORTINE AVIACIJA,LAK-17AT,LK17,L,CAT-F
SPORTINE AVIACIJA,LAK-20M,LK20,L,CAT-F
LIGHT MINIATURE,Super Cub,LM5X,L,CAT-F
CATA,Oryx,LMK1,L,CAT-F
PAI,Lancair 320,LNC2,L,CAT-F
PAI,Lancair ES,LNCE,L,CAT-F
LANCAIR,Sentry 4T,LNT4,L,CAT-F
LOVING-WAYNE,Love,LOVE,L,CAT-F
DG FLUGZEUGBAU,LS-10ST,LS10,L,CAT-F
ROLLADEN-,LS-8T,LS8,L,CAT-F
CUSTOM FLIGHT,Lite Star,LSTR,L,CAT-F
LUCAS,L-5,LUL5,L,CAT-F
LUCAS,L-7,LUL7,L,CAT-F
LAVIASA,Super Master,LV51,L,CAT-F
HOWARD HUGHES,Australian LightWing,LW40,L,CAT-F
LILIENTHAL,Bekas (X-32),LX32,L,CAT-F
ELIXIR,Elixir,LXR,L,CAT-F
MOONEY,M-10 Cadet,M10,L,CAT-F
MOONEY,M-10J,M10R,L,CAT-F
LAMBERT,Mission (M-106),M106,L,CAT-F
MONOCOUPE,110 Special,M110,L,CAT-F
MYASISHCHEV,M-17 Stratosfera,M17,M,CAT-D
PZL-MIELEC,Turbine Dromader,M18T,L,CAT-F
NORTH AMERICAN,200 Commander 200,M200,L,CAT-F
MOONEY,M-20B Mark 21,M20P,L,CAT-F
PZL-MIELEC,Dromader Mini,M21,L,CAT-F
MOONEY,Mustang,M22,L,CAT-F
PZL-MIELEC,Iskierka,M26,L,CAT-F
PHILLIPS & POWIS,Hawk Speed Six,M2HK,L,CAT-F
MACCHI,MB-326,M326,L,CAT-F
LEONARDO,M-345,M345,L,CAT-F
AIRCRAFT,Meyer-360,M360,L,CAT-F
MARTIN,404,M404,M,CAT-E
MYASISHCHEV,Geophysica,M55,M,CAT-D
PIPER,PA-46-600TP M600,M600,L,CAT-F
MAULE,MT-7-420,M7T,L,CAT-F
MAULE,M-9,M9,L,CAT-F
MARQUART,MA-5 Charger,MA5,L,CAT-F
XIAN,MA-60H,MA6H,M,CAT-E
PHILLIPS & POWIS,Magister,MAGI,L,CAT-F
PHOENIX (1),LA-5 Major,MAJR,L,CAT-F
MELBOURNE,MA-2 Mamba,MAMB,L,CAT-F
AEA,Maverick,MAVR,L,CAT-F
ZENAIR,Cricri,MC10,L,CAT-F
MEYERS,MAC-145,MC45,L,CAT-F
CHRIS TENA,Mini Coupe,MCOU,L,CAT-F
DYN'AERO,Lafayette 1 Sportster,MCR1,L,CAT-F
DYN'AERO,MCR-R180,MCRR,L,CAT-F
MCDONNELL,MD-11,MD11,H,CAT-C
GRYF,MD-3 Rider,MD3R,L,CAT-F
MCDONNELL,MD-82,MD82,M,CAT-D
MCDONNELL,MD-87,MD87,M,CAT-D
MCDONNELL,MD-90,MD90,M,CAT-D
MESSERSCHMITT,Bf-109,ME09,L,CAT-F
MEAD,Adventure,MEAD,L,CAT-F
AVIATON,Merkury,MERK,L,CAT-F
GLOSTER,Meteor,METR,M,CAT-F
MALMO,Vipan,MF10,L,CAT-F
PZL-MIELEC,LiM-1,MG15,L,CAT-F
SHENYANG,JJ-6,MG19,M,CAT-F
MIKOYAN,MiG-27,MG23,M,CAT-E
MIKOYAN,MiG-33,MG29,M,CAT-E
MIKOYAN,MiG 1-44,MG44,M,CAT-E
WZL 3,DEKO-9,MGIC,L,CAT-F
HONDA-MISSISSIPPI,MH-02,MH02,L,CAT-F
MICROTURBO,Microjet 200,MICO,L,CAT-F
TAYLOR (2),Mini-Imp,MIMP,L,CAT-F
DASSAULT,Vajra,MIR2,M,CAT-E
MOONEY,M-18 Wee Scotsman,MITE,L,CAT-F
JURCA,MJ-12 P-40,MJ12,L,CAT-F
SIRAVIA,MJ-22 Tempête,MJ2,L,CAT-F
JURCA,Shadow,MJ4,L,CAT-F
JURCA,MJ-53 Autan,MJ53,L,CAT-F
JURCA,MJ-7 Gnatsum,MJ7,L,CAT-F
JURCA,MJ-8 1-Nine-0,MJ8,L,CAT-F
JURCA,MJ-9,MJ9,L,CAT-F
ALANNE,Moottori-Lerche,MLER,L,CAT-F
MARA WING,Malamut,MMUT,L,CAT-F
CULP,MonoCulp,MOCU,L,CAT-F
MOLNIYA,1,MOL1,L,CAT-F
MONNETT,Moni,MONI,L,CAT-F
MONG,Sport,MOSP,L,CAT-F
HUMBERT,Moto Du Ciel,MOTO,L,CAT-F
PLAN,MP-207 Busard,MP20,L,CAT-F
MURPHY,SR-3500 Super Rebel,MR35,L,CAT-F
MONNETT,Monerai P,MRAI,L,CAT-F
DASSAULT,Mirage F1,MRF1,M,CAT-E
MITSUBISHI,MRJ-90,MRJ9,M,CAT-E
MYSKY,MS-1,MS1,L,CAT-F
MORANE-SAULNIER,MS-230,MS23,L,CAT-F
SOCATA,Epsilon 2,MS30,L,CAT-F
MORANE-SAULNIER,MS-733 Alcyon,MS73,L,CAT-F
MORANE-SAULNIER,AI,MSAI,L,CAT-F
MITSUBISHI,T-2,MT2,M,CAT-F
AKAFLIEG MUNCHEN,Mü-23 Saurier,MU23,L,CAT-F
MUSTANG,Mustang 2,MUS2,L,CAT-F
PHOENIX (2),Maverick,MVRK,L,CAT-F
AMD,Patriot,MX1T,L,CAT-F
AEROANDINA,MXP-158 Embera,MX58,L,CAT-F
AEROTEC (2),Fantasy,MX80,L,CAT-F
MYLIUS,MY-102 Tornado,MY12,L,CAT-F
MYASISHCHEV,3M,MYA4,H,CAT-C
NORD,1102 Ramier 2,N110,L,CAT-F
NUSANTARA,N-250,N250,M,CAT-E
NORD,262 Frégate,N262,M,CAT-F
NORD,3202,N320,L,CAT-F
NAVAL AIRCRAFT,N3N,N3N,L,CAT-F
TANEJA,Hansa,NAL2,L,CAT-F
NORD,NC-858,NC85,L,CAT-F
NORMAND DUBE,Aerocruiser,NDAC,L,CAT-F
NORMAN,Nordic 7,NDIC,L,CAT-F
BRM AERO,NG-5 Bristell,NG5,L,CAT-F
NIEUPORT,28 Replica,NI28,L,CAT-F
SCHEMPP-HIRTH,Nimbus 4T,NIMB,L,CAT-F
NAL,NM-5,NM5,L,CAT-F
BEST OFF,Nynja,NNJA,L,CAT-F
NORDFLUG,2501 Noratlas,NORA,M,CAT-D
REDFERN,Nieuport 17,NPOR,L,CAT-F
NUWACO,T-10,NT10,L,CAT-F
FUJI,L-19 Bird Dog,O1,L,CAT-F
MORRISEY,OM-1 Bravo,OM1,L,CAT-F
ISAE,Omega 2,OMGA,L,CAT-F
C2P,One,ONE,L,CAT-F
OPTICA,Optica,OPCA,L,CAT-F
OLYMPIC,Desert Eagle 2,OUDE,L,CAT-F
BUCHANAN,Ozzie Mozzie,OZZI,L,CAT-F
KAWASAKI,XP-1,P1,M,CAT-D
POTTIER,P-100,P100,L,CAT-F
PIAGGIO,P-148,P148,L,CAT-F
PIAGGIO,Avanti,P180,L,CAT-F
AVIAMILANO,P-19 Scricciolo,P19,L,CAT-F
TECNAM,P-2008,P208,L,CAT-F
TECNAM,P-2012 Traveller,P212,L,CAT-F
POTTIER,P-230 Panda,P230,L,CAT-F
POTTIER,Amster,P270,L,CAT-F
PIPER,PA-28-236 Dakota,P28B,L,CAT-F
PIPER,Turbo Arrow 3,P28S,L,CAT-F
PIPER,Turbo Arrow 4,P28U,L,CAT-F
PIPER,PA-32R-300 Cherokee,P32R,L,CAT-F
REIMS,FP337 Pressurized,P337,L,CAT-F
BELL,Airacobra,P39,L,CAT-F
PIPER,PA-46-500TP Malibu,P46T,L,CAT-F
CONVAIR,Privateer,P4Y,M,CAT-D
NORTH AMERICAN,Mustang,P51,L,CAT-F
POTTIER,Minacro,P60,L,CAT-F
BELL,Kingcobra,P63,L,CAT-F
PIAGGIO,P-166DP1,P66T,L,CAT-F
PARTENAVIA,AP-68TP-300,P68T,L,CAT-F
PACIFIC AEROSPACE,750XL,P750,L,CAT-F
POTTIER,P-80,P80,L,CAT-F
TEXAS SPORT,TX-11 Texas Sport,PA11,L,CAT-F
WAGAERO,2+2 Sportsman,PA14,L,CAT-F
PIPER,PA-16 Clipper,PA16,L,CAT-F
YAKIMA AEROSPORT,Super 18 Turbo Cub,PA18,L,CAT-F
PIPER,PA-22 Colt,PA22,L,CAT-F
PIPER,PA-24 Comanche,PA24,L,CAT-F
PIPER,PA-23-250 Turbo,PA27,L,CAT-F
PIPER,PA-31-350 Navajo,PA31,L,CAT-F
PIPER,PA-34 Seneca,PA34,L,CAT-F
PIPER,Tomahawk,PA38,L,CAT-F
PIPER,PA-46-310P Malibu,PA46,L,CAT-F
BELLANCA,CH-300 Pacemaker,PACE,L,CAT-F
ROTEC,Panther 2,PANT,L,CAT-F
PARADISE,P-4,PAR4,L,CAT-F
ATAC,Patriot 2,PAT2,L,CAT-F
PAULISTA,Paulistinha,PAUL,L,CAT-F
PIPER,PA-31T-620 Cheyenne,PAY2,L,CAT-F
PIPER,PA-42-1000 Cheyenne,PAY4,L,CAT-F
PILATUS,PC-21,PC21,L,CAT-F
PILATUS,PC-6 Porter,PC6P,L,CAT-F
PILATUS,PC-7 Turbo Trainer,PC7,L,CAT-F
VSTOL,SST-2000 Pairadigm,PDIG,L,CAT-F
GENERAL AVIA,Pegaso,PEGA,L,CAT-F
ULTRAVIA,Pelican,PELI,L,CAT-F
AERO ITBA,Petrel,PETL,L,CAT-F
WESTERN,Hirondelle,PGK1,L,CAT-F
PIPISTREL,Alpha Electro,PIAE,L,CAT-F
PROCAER,F-15 Picchio,PICO,L,CAT-F
GENERAL AVIA,F-22 Pinguino,PINO,L,CAT-F
PIPISTREL,Sinus,PISI,L,CAT-F
PIPISTREL,Taurus 503,PITA,L,CAT-F
PIPISTREL,Velis Electro,PIVE,L,CAT-F
PIK,PIK-11 Tumppu,PK11,L,CAT-F
PIK,PIK-18 Sytky,PK18,L,CAT-F
PIK,PIK-20E,PK20,L,CAT-F
VALMET,PIK-23 Suhinu,PK23,L,CAT-F
UETZ,U-3M Pelikan,PKAN,L,CAT-F
TRANSAVIA,Airtruk,PL12,L,CAT-F
PAZMANY,PL-4,PL4,L,CAT-F
TAYLORCRAFT (2),Auster 1,PLUS,L,CAT-F
ALPI,Pioneer 300,PNR3,L,CAT-F
PZL-OKECIE,CSS-13,PO2,L,CAT-F
ALVAREZ,Polliwagen,POLI,L,CAT-F
PILATUS,P-3,PP3,L,CAT-F
HOWARD HUGHES,Pocket Rocket PR-Bipe,PRBP,L,CAT-F
PERCIVAL,P-57 Sea Prince,PRCE,L,CAT-F
GM&T,GM&T Pretty Flight,PRET,L,CAT-F
BLACKSHAPE,Bk-100 Prime,PRIM,L,CAT-F
PERCIVAL,P-28 Proctor,PROC,L,CAT-F
PROWLER,Prowler,PROW,L,CAT-F
SCALED,281 Proteus,PRTS,L,CAT-F
PODESVA,Stearman,PSTM,L,CAT-F
RYAN,ST-3KR Recruit,PT22,L,CAT-F
POTTIER,P-180,PT80,L,CAT-F
NASH,Petrel,PTRL,L,CAT-F
PITTS,S-2 Special,PTS2,L,CAT-F
PULSAR,Super Pulsar 600,PUL6,L,CAT-F
BEAGLE,B-121 Pup,PUP,L,CAT-F
PRESCOTT,Pusher,PUSH,L,CAT-F
PZL-OKECIE,PZL-101 Gawron,PZ01,L,CAT-F
PZL-OKECIE,PZL-104 Wilga 35,PZ04,L,CAT-F
PZL-OKECIE,PZL-106A Kruk,PZ06,L,CAT-F
PZL-OKECIE,Mrówka,PZ26,L,CAT-F
PZL-OKECIE,PZL-104M Wilga 2000,PZ4M,L,CAT-F
REINER STEMME,Q-01,Q01,L,CAT-F
NORTHROP,RQ-4 Global Hawk,Q4,M,None
GENERAL ATOMICS,MQ-9 Reaper,Q9,L,CAT-F
AEROSPORT,Quail,QAIL,L,CAT-F
OMNI-WELD,Questor,QEST,L,CAT-F
QUERCY,CQR-01,QR01,L,CAT-F
QUICKIE,Quickie,QUIC,L,CAT-F
RIHN,DR-109 Rhino,R109,L,CAT-F
BOEING,TC-135,R135,H,CAT-C
ROBIN,Alpha,R200,L,CAT-F
BOEING,727-100RE Super 27,R721,M,CAT-D
RUSCHMEYER,R-90-230FG,R90F,L,CAT-F
RUSCHMEYER,R-90-420AT,R90T,L,CAT-F
MARANDA,BM-3,RA17,L,CAT-F
AEROSPORT,Rail,RAIL,L,CAT-F
NAVION,Rangemaster,RANG,L,CAT-F
RAVIN,Ravin 300,RAV3,L,CAT-F
SAINT GERMAIN,Raz-Mut,RAZM,L,CAT-F
ROCKWELL,Commander 710,RC70,L,CAT-F
DURUBLE,RD-03 Edelweiss,RD03,L,CAT-F
REDFERN,DH-2,RDH2,L,CAT-F
MURPHY,Renegade,RENE,L,CAT-F
FOURNIER,RF-3,RF3,L,CAT-F
FOURNIER,RF-47,RF47,L,CAT-F
SLINGSBY,Firefly,RF6,L,CAT-F
DASSAULT,Rafale,RFAL,M,CAT-E
JUNQUA,Ibis,RJ03,L,CAT-F
BRITISH AEROSPACE,RJ-70,RJ70,M,CAT-E
KALINAUSKAS,RK-5,RK5,L,CAT-F
DAC,RangeR,RNGR,L,CAT-F
RIHN,One Design,RODS,L,CAT-F
MAUPIN,Windrose,ROSE,L,CAT-F
SPORTAVIA-PUTZER,Sportsman,RS18,L,CAT-F
ANS,S-21 Outbound,RS21,L,CAT-F
SCINTEX,ML-250 Rubis,RUBI,L,CAT-F
VAN'S,RV-12,RV12,L,CAT-F
VAN'S,RV-3,RV3,L,CAT-F
VAN'S,RV-4T,RV4T,L,CAT-F
VAN'S,RV-7,RV7,L,CAT-F
VAN'S,RV-9,RV9,L,CAT-F
RAGWING,Stork (RW-20),RW20,L,CAT-F
RAGWING,Special 2,RW26,L,CAT-F
TECHNOAVIA,Rysachok,RYSA,L,CAT-F
SIAI-MARCHETTI,S-205-18F,S05F,L,CAT-F
INTERSTATE,Arctic Tern,S1,L,CAT-F
STINSON,108 Voyager,S108,L,CAT-F
FOKKER,Instructor,S11,L,CAT-F
STEMME,S-12 Twin Voyager,S12S,L,CAT-F
STEMME,S-15 Patroller,S15U,L,CAT-F
SIAI-MARCHETTI,S-208,S208,L,CAT-F
SINGAPORE,S-211,S211,L,CAT-F
CIRRUS,SR-22T,S22T,L,CAT-F
MARSH,Turbo Tracker,S2T,M,CAT-F
SUKHOI,S-37 Berkut,S37,M,CAT-E
PARTENAIR,Mystere,S45,L,CAT-F
STEWART (1),S-51D,S51D,L,CAT-F
AEROSPATIALE,SN-601 Corvette,S601,L,CAT-F
K & S,Cavalier (SA-102.5),SA02,L,CAT-F
K & S,SA-104 Cavalier,SA04,L,CAT-F
STOLP,Starduster,SA10,L,CAT-F
ICP,SA-2 Vimana,SA2,L,CAT-F
STOLP,SA-300 Starduster Too,SA30,L,CAT-F
SCHWEIZER,SA-2-38A Twin Condor,SA38,L,CAT-F
STITS,SA-6 Flut-R-Bug,SA6,L,CAT-F
STITS,Sky-Coupe,SA7,L,CAT-F
STOLP,Acroduster Too,SA75,L,CAT-F
KEUTHAN,Sabre 2,SAB2,L,CAT-F
POBER,Super Ace,SACE,L,CAT-F
HALSTED,Saffire,SAFF,L,CAT-F
RANS,Sakota,SAKO,L,CAT-F
SAM AIRCRAFT,Sam,SAM,L,CAT-F
SHARK AIRCRAFT,Shark,SASH,L,CAT-F
PROTECH,Sassy,SASY,L,CAT-F
SADLER,Vampire,SAVA,L,CAT-F
SAAB,105,SB05,L,CAT-F
SAAB,29,SB29,M,CAT-F
VALMET,Draken,SB35,M,CAT-E
SAAB,Gripen,SB39,M,CAT-F
SAAB,91 Safir,SB91,L,CAT-F
SLIPSTREAM,SkyBlaster,SBLS,L,CAT-F
INTERPLANE,Skyboy,SBOY,L,CAT-F
ROCKWELL,Sabre 80,SBR2,M,CAT-F
SHORT,SC-7 Skyvan,SC7,L,CAT-F
SLIPSTREAM,Scepter,SCEP,L,CAT-F
AKAFLIEG MUNCHEN,Schlacro,SCRO,L,CAT-F
AERO KUHLMANN,Scub,SCUB,L,CAT-F
SKYDANCER,SD-260,SD26,L,CAT-F
STOLP,Super Starduster,SDUS,L,CAT-F
REPLICA PLANS,SE-5A Replica,SE5R,L,CAT-F
VIKING (1),SF-2 Cygnet,SF2,L,CAT-F
SCHEIBE,Motorspatz,SF24,L,CAT-F
SCHEIBE,SF-27M,SF27,L,CAT-F
SPORTAVIA-PUTZER,SFS-31 Milan,SF31,L,CAT-F
SAAB-FAIRCHILD,SF-340,SF34,M,CAT-F
SCHEIBE,SF-36,SF36,L,CAT-F
SCHWEIZER,TG-7,SG37,L,CAT-F
TECHNOAVIA,SM-92T Turbo Finist,SG92,L,CAT-F
AERO SPACELINES,377SGT Super Guppy,SGUP,M,CAT-D
SHORT,SD3-60,SH36,M,CAT-F
HAWKER,Sea Hawk,SHAW,M,CAT-F
SHERPA,Sherpa,SHER,L,CAT-F
SALVAY-STARK,Skyhopper,SHOP,L,CAT-F
SHARK AERO,Shark,SHRK,L,CAT-F
SMYTH,S Sidewinder,SIDE,L,CAT-F
SILHOUETTE,Silhouette,SILH,L,CAT-F
TECNAM,P-2002 Sierra,SIRA,L,CAT-F
SKYETON,Swift,SK10,L,CAT-F
III,Sky Arrow,SKAR,L,CAT-F
OMA SUD,Skycar,SKYC,L,CAT-F
REARWIN,Skyranger,SKYR,L,CAT-F
MAPO,SL-39,SL39,L,CAT-F
SCALED,351 Stratolaunch,SLCH,H,Special
AIRPLANE FACTORY,Sling 4,SLG4,L,CAT-F
SLICK,540,SLK5,L,CAT-F
SIAI-MARCHETTI,SM-1019,SM19,L,CAT-F
STINSON,T Tri-Motor,SM60,L,CAT-F
DASSAULT,Super Mystère B2,SMB2,M,CAT-F
LANCAIR,Synergy,SNGY,L,CAT-F
SORRELL,SNS-2 Guppy,SNS2,L,CAT-F
SORRELL,EXP-2,SNS9,L,CAT-F
SOKO,2,SOK2,L,CAT-F
SOLAR IMPULSE,1,SOL1,L,CAT-F
RUTAN,77 Solitaire,SOLI,L,CAT-F
ACS,Sora,SORA,L,CAT-F
SPECTRUM,S-33 Independence,SP33,L,CAT-F
SAUSER,P-6E Replica,SP6E,L,CAT-F
TECHNOAVIA,SP-91 Slava,SP91,L,CAT-F
STARK-TREFETHEN,Sport-Aire 2,SPA2,L,CAT-F
SPECTER,Specter 2,SPC2,L,CAT-F
LOEHLE,Spitfire Elite,SPEL,L,CAT-F
SUPERMARINE,Spitfire,SPIT,L,CAT-F
CARLSON,Sparrow-ette,SPR2,L,CAT-F
REARWIN,7000 Sportster,SPST,L,CAT-F
KLS COMPOSITES,SQ-2000,SQ2T,L,CAT-F
EURODISPLAY,Magic,SR01,L,CAT-F
CIRRUS,SR-22,SR22,L,CAT-F
MONNETT,Sonerai,SRAI,L,CAT-F
THRUSH,Thrush 400,SS2P,L,CAT-F
NORTH AMERICAN,F-100 Super Sabre,SSAB,M,CAT-F
STEARMAN,C-3,ST3,L,CAT-F
STEARMAN,6 Cloudboy,ST6,L,CAT-F
WINGTIP TO WINGTIP,S-330,ST30,L,CAT-F
STEARMAN,PT-17 Kaydet,ST75,L,CAT-F
AIRCRAFT DESIGNS,Stallion,STAL,L,CAT-F
AIRCRAFT DESIGNS,Turbine Stallion,STAT,L,CAT-F
STATLER,Firefly,STFF,L,CAT-F
HELIO,Stallion,STLN,L,CAT-F
STROJNIK,S-2,STR2,L,CAT-F
TL ULTRALIGHT,Stream,STRE,L,CAT-F
BRITISH AEROSPACE,Strikemaster,STRK,L,CAT-F
CFM,Star Streak,STST,L,CAT-F
SUKHOI,Su-24,SU24,M,CAT-E
SUKHOI,Su-26,SU26,L,CAT-F
SUKHOI,Su-29,SU29,L,CAT-F
SUKHOI,Su-38,SU38,L,CAT-F
SUKHOI,Su-7,SU7,M,CAT-F
SUKHOI,Superjet 100-95,SU95,M,CAT-E
VERILITE,100 Sunbird,SUNB,L,CAT-F
IPT,IPT-16 Surubim,SURU,L,CAT-F
STAMPE,SV-4,SV4,L,CAT-F
SKYWOOD,SW-18 Teddy,SW18,L,CAT-F
SWEARINGEN,Merlin 3,SW3,L,CAT-F
WARNER (2),Sportster,SWAK,L,CAT-F
SUPERMARINE,Swift,SWIF,M,CAT-F
FAIREY,Swordfish,SWOR,L,CAT-F
SYMPHONY,Symphony,SYMP,L,CAT-F
SZD,Ogar,SZ45,L,CAT-F
FUJI,T-1,T1,L,CAT-F
AEROPROGRESS,T-101 Grach,T101,L,CAT-F
TUPOLEV,Tu-154,T154,M,CAT-D
THORP,T-18 Tiger,T18,L,CAT-F
ROCKWELL,Buckeye,T2,L,CAT-F
CESSNA,T206 Turbo Stationair,T206,L,CAT-F
VENTURE,T-211,T211,L,CAT-F
BELLANCA,Aries,T250,L,CAT-F
TERZI,Katana,T30,L,CAT-F
TUPOLEV,Tu-334,T334,M,CAT-E
FUJI,T-3Kai,T34T,L,CAT-F
CESSNA,318B,T37,L,CAT-F
KAWASAKI,T-4,T4,M,CAT-F
KHRUNICHEV,T-411 Aist,T411,L,CAT-F
KHRUNICHEV,Strekoza,T419,L,CAT-F
CESSNA,AT-8 Bobcat,T50,L,CAT-F
NORTH AMERICAN,Harvard,T6,L,CAT-F
TAYLORCRAFT (1),15 Foursome,TA15,L,CAT-F
TOYOTA,TAA-1,TAA1,L,CAT-F
WITTMAN,W-8 Tailwind,TAIL,L,CAT-F
ANAHUAC,Tauro,TARO,L,CAT-F
TAYLOR-YOUNG,A,TAYA,L,CAT-F
TAYLORCRAFT (1),DC,TAYD,L,CAT-F
SOCATA,Trinidad,TB20,L,CAT-F
SOCATA,Epsilon,TB30,L,CAT-F
GRUMMAN,Avenger,TBM,M,CAT-F
SOCATA,TBM-850,TBM8,L,CAT-F
GOLDEN CIRCLE,T-Bird 2 Cargo,TBR3,L,CAT-F
GRUMMAN,Tigercat,TCAT,M,CAT-F
TAIWAN DANCER,TD-1,TD1,L,CAT-F
TAIWAN DANCER,Alluvion Legend,TD3,L,CAT-F
SMITH (2),Termite,TERM,L,CAT-F
RAYTHEON,Harvard 2,TEX2,L,CAT-F
TAYLORCRAFT (1),F-19 Sportsman,TF19,L,CAT-F
TAYLORCRAFT (1),Classic,TF22,L,CAT-F
THUNDER WINGS,Focke-Wulf Fw-190,TFOC,L,CAT-F
LANCAIR,Tigress,TGRS,L,CAT-F
TIPSY,B,TIPB,L,CAT-F
TL ULTRALIGHT,Sting,TL20,L,CAT-F
PERFORMANCE,Turbine Legend,TLEG,L,CAT-F
FISHER,R-80 Tiger Moth,TMOT,L,CAT-F
TEMCO,Twin Navion,TNAV,L,CAT-F
SOCATA,Tobago,TOBA,L,CAT-F
PANAVIA,Tornado,TOR,M,CAT-E
CAG,Toxo,TOXO,L,CAT-F
ENAER,T-35DT Turbo Pillán,TPIL,L,CAT-F
TECH'AERO,TR-200,TR20,L,CAT-F
3XTRIM,Navigator 600,TR55,L,CAT-F
CAPELLA,T-Raptor,TRAP,L,CAT-F
TITAN,Tornado SS,TRDO,L,CAT-F
FORD,Tri-Motor,TRIM,L,CAT-F
STINSON,A Tri-Motor,TRMA,L,CAT-F
PZL-MIELEC,Iskra,TS11,L,CAT-F
JONKER,JS-1TJ Revelation,TS1J,L,CAT-F
THUNDER WINGS,Supermarine Spitfire,TSPT,L,CAT-F
HUMBERT,Tetras,TTRS,L,CAT-F
XIAN,H-6,TU16,M,CAT-D
TUPOLEV,Tu-142,TU95,H,CAT-C
PODESVA,Amigo,TUL3,L,CAT-F
TRAVEL AIR,4,TVL4,L,CAT-F
TECNAM,P-2010 Twenty-Ten,TWEN,L,CAT-F
TIME WARP,Spitfire,TWSP,L,CAT-F
PHOENIX AIR,U-15 Phoenix,U15,L,CAT-F
BEECH,U-21A Ute,U21,L,CAT-F
AUSTRALITE,Ultrabat,UBAT,L,CAT-F
URBAN,Lambada,UF13,L,CAT-F
ULTIMATE,20,UL20,L,CAT-F
3XTRIM,450 Ultra,UL45,L,CAT-F
NEIVA,Universal,UNIV,L,CAT-F
UTVA,60,UT60,L,CAT-F
UTVA,66,UT66,L,CAT-F
UDET,Flamingo Replica,UU12,L,CAT-F
ROCKWELL,Bronco,V10,L,CAT-F
MSW,Votec 252,V252,L,CAT-F
MSW,Votec 351,V351,L,CAT-F
BEACHNER,V-8 Special,V8SP,L,CAT-F
VULTEE,BT-13 Valiant,VALI,L,CAT-F
VISIONAIRE,VA-10 Vantage,VANT,L,CAT-F
VELOCITY,Velocity,VELO,L,CAT-F
SCHEMPP-HIRTH,Ventus 2CM,VENT,L,CAT-F
FRY,VF-2 Esprit,VF2,L,CAT-F
VULCANAIR,Mission,VF60,L,CAT-F
PERCIVAL,K-1 Vega Gull,VGUL,L,CAT-F
VIPER,ViperJet,VIPJ,L,CAT-F
PRO-COMPOSITES,Vision,VISI,L,CAT-F
SKYSTAR,Kitfox Vixen,VIX,L,CAT-F
CIRRUS,VK-30 Cirrus,VK3P,L,CAT-F
VANESSA AIR,VL-3,VL3,L,CAT-F
F+W EMMEN,Venom,VNOM,M,CAT-F
VOLAIRCRAFT,Volaire 1050,VO10,L,CAT-F
EVANS,Volksplane,VP2,L,CAT-F
EGVOYAGER,VR-202,VR20,L,CAT-F
VULCANAIR,AP-68TP-600 Viator,VTOR,L,CAT-F
QUESTAIR,M-20 Venture,VTUR,L,CAT-F
RUTAN,32 VariViggen,VVIG,L,CAT-F
WITTMAN,V-Witt,VWIT,L,CAT-F
WEATHERLY,201,W201,L,CAT-F
WASSMER,Super 4,WA40,L,CAT-F
WASSMER,Prestige,WA42,L,CAT-F
WASSMER,WA-81 Piranha,WA80,L,CAT-F
WACO,IBA,WACA,L,CAT-F
WACO,D,WACD,L,CAT-F
WACO OHIO,UMF,WACF,L,CAT-F
WACO,JWM,WACM,L,CAT-F
WACO,E (GXE),WACO,L,CAT-F
SONEX,Waiex,WAIX,L,CAT-F
DEAN-WILSON,Whitney Boomerang,WBOO,L,CAT-F
WINDEXAIR,Windex,WDEX,L,CAT-F
WAR,Focke-Wulf 190,WFOC,L,CAT-F
WENDT,WH-1 Traveler,WH1,L,CAT-F
WHITE LIGHTNING,WLAC-1 White,WHIL,L,CAT-F
PHILLIPS & POWIS,Whitney Straight,WHIT,L,CAT-F
SCALED,318 White Knight,WHKN,M,CAT-F
ULTRALEICHTBAU,WT-01 Wild Thing,WILT,L,CAT-F
WINDECKER,Eagle,WINE,L,CAT-F
WHISPER,Whisper,WISP,L,CAT-F
WOODS,Woody Pusher,WOPU,L,CAT-F
WAR,Republic P-47,WP47,L,CAT-F
AAK,Wasp,WSP,L,CAT-F
WHITE,WW-1 Der Jäger D-9,WW1,L,CAT-F
IAI,Westwind (1124),WW24,M,CAT-F
ROBIN,X-4,X4,L,CAT-F
XTREMEAIR,XA-41,XA41,L,CAT-F
RAJ HAMSA,XA-85 X-Air LS,XA85,L,CAT-F
LIBERTY (2),XL-2,XL2,L,CAT-F
HARBIN,Y-11,Y11,L,CAT-F
HARBIN,Harbinger,Y12,L,CAT-F
YAKOVLEV,Yak-130,Y130,M,CAT-F
XIAN,Y-20 Kunpeng,Y20,H,TBC
YAKOVLEV,Yak-9,YAK9,L,CAT-F
ARROW (2),Yarrow Arrow,YARR,L,CAT-F
CHASLE,YC-122 Tourbillon,YC12,L,CAT-F
YAKOVLEV,Yak-12,YK12,L,CAT-F
YAKOVLEV,Yak-28,YK28,M,CAT-E
YAKOVLEV,Yak-38,YK38,M,CAT-F
YAKOVLEV,Yak-42,YK42,M,CAT-D
YAKOVLEV,Yak-52,YK52,L,CAT-F
YAKOVLEV,Yak-54,YK54,L,CAT-F
YAKOVLEV,Yak-58,YK58,L,CAT-F
NAMC (1),YS-11,YS11,M,CAT-E
SHUYA,Yunona,YUNO,L,CAT-F
ZLIN,Z-22 Junak,Z22,L,CAT-F
MORAVAN,Z-237 Cmelák,Z37P,L,CAT-F
ZLIN,Z-42,Z42,L,CAT-F
ZLIN,Z-50,Z50,L,CAT-F
ATEC,122 Zephyr,ZEPH,L,CAT-F
APPLEBAY,Zia,ZIA,L,CAT-F
BUL,Zùlù,ZULU,L,CAT-F
AGUSTAWESTLAND,AW-609,B609,M,TBC
BERIEV,Be-200 Altair,BER2,M,CAT-D
CANADAIR,A-10 Catalina,CAT,M,CAT-E
CANADAIR,CL-215T,CL2T,M,CAT-E
SHORT,S-25 Sandringham,SAND,M,CAT-D
GRUMMAN,SA-16 Albatross,U16,M,CAT-F
SHINMAYWA,US-2,US2,M,CAT-D
BELL,Valor,V280,M,TBC
Matra,M-360 Jupiter,M36J,L,CAT-F
M AERO,Bristell B23 Energic,B23E,L,CAT-F
BRM AERO,Bristell B8,BR8,L,CAT-F
SCHLEICHER,ASG-32Mi,A32P,L,CAT-F
AGUSTA,A-109,A109,L,CAT-F
AGUSTA,A-109 Power,A109,L,CAT-F
AGUSTA,Hkp15,A109,L,CAT-F
AGUSTA,Power,A109,L,CAT-F
AGUSTA,GrandNew,A109,L,CAT-F
AGUSTA,Da Vinci,A109,L,CAT-F
AGUSTA,AW-109 GrandNew,A109,L,CAT-F
AGUSTA,AW-109 Nexus,A109,L,CAT-F
AGUSTA,AW-109 Grand,A109,L,CAT-F
AGUSTA,AW-109 Trekker,A109,L,CAT-F
AGUSTA,ESC-2,A109,L,CAT-F
AGUSTAWESTLAND,AW-109 Grand,A109,L,CAT-F
AGUSTAWESTLAND,AW-109 Power,A109,L,CAT-F
AGUSTAWESTLAND,AW-109 GrandNew,A109,L,CAT-F
DENEL,A-109,A109,L,CAT-F
FINMECCANICA,AW-109 GrandNew,A109,L,CAT-F
FINMECCANICA,Grand,A109,L,CAT-F
JIANGXI CHANGHE-,Power,A109,L,CAT-F
LEONARDO,AW-109 Trekker,A109,L,CAT-F
SABCA,A-109,A109,L,CAT-F
AGUSTA,AW-119 Koala,A119,L,CAT-F
AGUSTAWESTLAND,AW-119 Koala,A119,L,CAT-F
DENEL,A-119 Koala,A119,L,CAT-F
FINMECCANICA,AW-119 Koala,A119,L,CAT-F
LEONARDO,AW-119 Koala,A119,L,CAT-F
AGUSTA,A-129 Mangusta,A129,L,CAT-F
AGUSTA,AW-129,A129,L,CAT-F
AGUSTAWESTLAND,AW-129,A129,L,CAT-F
AGUSTA,AW-139,A139,L,CAT-F
AGUSTAWESTLAND,HH-139,A139,L,CAT-F
AGUSTAWESTLAND,UH-139,A139,L,CAT-F
BELL-AGUSTA,AB-139,A139,L,CAT-F
HELIVERT,AW-139,A139,L,CAT-F
AGUSTA,AW-149,A149,M,CAT-F
LEONARDO,AW-149,A149,M,CAT-F
FINMECCANICA,AW-169,A169,L,CAT-F
AGUSTAWESTLAND,AW-189,A189,M,CAT-F
LEONARDO,AW-189,A189,M,CAT-F
ROTORWAY,A-600 Talon,A600,L,CAT-F
AVICOPTER,AC-313,AC33,M,CAT-F
HINDUSTAN,Dhruv,ALH,L,CAT-F
AEROSPATIALE,SA-318 Alouette 2,ALO2,L,CAT-F
REPUBLIC,SE-3130 Alouette 2,ALO2,L,CAT-F
SUD,SA-318 Alouette 2,ALO2,L,CAT-F
SUD,SE-313 Alouette 2,ALO2,L,CAT-F
SUD-EST,Alouette 2,ALO2,L,CAT-F
AEROSPATIALE,Alouette 3,ALO3,L,CAT-F
AEROSPATIALE,SA-319 Alouette 3,ALO3,L,CAT-F
F+W EMMEN,SE-3160 Alouette 3,ALO3,L,CAT-F
HINDUSTAN,Chetan,ALO3,L,CAT-F
HINDUSTAN,SA-316 Chetan,ALO3,L,CAT-F
ICA,Alouette 3,ALO3,L,CAT-F
LICHTWERK,Alouette 3,ALO3,L,CAT-F
SUD,Alouette 3,ALO3,L,CAT-F
SUD,SA-319 Alouette 3,ALO3,L,CAT-F
KAZAN,Ansat,ANST,L,CAT-F
AEROSPATIALE,AS-332B Super Puma,AS32,M,CAT-F
AEROSPATIALE,AS-332F1 Super Puma,AS32,M,CAT-F
AEROSPATIALE,AS-332L Super Puma,AS32,M,CAT-F
AEROSPATIALE,AS-332M1 Super,AS32,M,CAT-F
AEROSPATIALE,AS-532SC Cougar,AS32,M,CAT-F
AEROSPATIALE,AS-532UL Cougar,AS32,M,CAT-F
AEROSPATIALE,Hkp10 Super Puma,AS32,M,CAT-F
AEROSPATIALE,Tiger,AS32,M,CAT-F
AIRBUS HELICOPTERS,AS-332C Super Puma,AS32,M,CAT-F
AIRBUS HELICOPTERS,Super Puma,AS32,M,CAT-F
ATLAS,Oryx,AS32,M,CAT-F
CASA,Super Puma,AS32,M,CAT-F
CASA,Cougar,AS32,M,CAT-F
DIRGANTARA,Super Puma,AS32,M,CAT-F
EUROCOPTER,AS-332L1 Super Puma,AS32,M,CAT-F
EUROCOPTER,AS-532AL Cougar,AS32,M,CAT-F
EUROCOPTER,AS-532UC Cougar,AS32,M,CAT-F
EUROCOPTER,Cougar,AS32,M,CAT-F
EUROCOPTER,Super Puma,AS32,M,CAT-F
NURTANIO,Super Puma,AS32,M,CAT-F
NUSANTARA,Super Puma,AS32,M,CAT-F
RUAG,Cougar,AS32,M,CAT-F
SF,Cougar,AS32,M,CAT-F
SINGAPORE,Super Puma,AS32,M,CAT-F
TAI,Cougar,AS32,M,CAT-F
AEROSPATIALE,AS-532A2 Cougar Mk2,AS3B,M,CAT-F
AEROSPATIALE,Cougar Mk2,AS3B,M,CAT-F
EUROCOPTER,AS-332L2 Super Puma,AS3B,M,CAT-F
EUROCOPTER,AS-532U2 Cougar Mk2,AS3B,M,CAT-F
EUROCOPTER,Super Puma Mk2,AS3B,M,CAT-F
AEROSPATIALE,AS-350 Ecureuil,AS50,L,CAT-F
AEROSPATIALE,AS-550 Fennec,AS50,L,CAT-F
AEROSPATIALE,Ecureuil,AS50,L,CAT-F
AEROSPATIALE,SuperStar,AS50,L,CAT-F
AIRBUS HELICOPTERS,H-125 SuperStar,AS50,L,CAT-F
AIRBUS HELICOPTERS,AS-350 Ecureuil,AS50,L,CAT-F
AIRBUS HELICOPTERS,AS-550 Fennec,AS50,L,CAT-F
AIRBUS HELICOPTERS,SuperStar,AS50,L,CAT-F
AVICOPTER,AC-301,AS50,L,CAT-F
EUROCOPTER,AS-350 Stylence,AS50,L,CAT-F
EUROCOPTER,AS-350 AStar,AS50,L,CAT-F
EUROCOPTER,AS-350 SuperStar,AS50,L,CAT-F
EUROCOPTER,AStar,AS50,L,CAT-F
EUROCOPTER,Fennec (AS-550),AS50,L,CAT-F
EUROCOPTER,SuperStar,AS50,L,CAT-F
HELIBRAS,HA-1 Esquilo,AS50,L,CAT-F
HELIBRAS,UH-12 Esquilo,AS50,L,CAT-F
LOT,AS-350 Ecureuil,AS50,L,CAT-F
AEROSPATIALE,AS-355 Ecureuil 2,AS55,L,CAT-F
AEROSPATIALE,AS-555 Fennec,AS55,L,CAT-F
AEROSPATIALE,Fennec (AS-555),AS55,L,CAT-F
AIRBUS HELICOPTERS,AS-355 Ecureuil 2,AS55,L,CAT-F
EUROCOPTER,AS-355 Stylence,AS55,L,CAT-F
EUROCOPTER,AS-355 Ecureuil 2,AS55,L,CAT-F
EUROCOPTER,AS-555 Fennec,AS55,L,CAT-F
EUROCOPTER,Fennec (AS-555),AS55,L,CAT-F
EUROCOPTER,TwinStar,AS55,L,CAT-F
HELIBRAS,Esquilo (HB-355),AS55,L,CAT-F
HELIBRAS,UH-13 Esquilo,AS55,L,CAT-F
AEROSPATIALE,AS-365 Dauphin 2,AS65,L,CAT-F
AEROSPATIALE,AS-565 Panther,AS65,L,CAT-F
AEROSPATIALE,Dolphin,AS65,L,CAT-F
AEROSPATIALE,Panther,AS65,L,CAT-F
AEROSPATIALE,SA-365K Panther,AS65,L,CAT-F
AEROSPATIALE,SA-365N Dauphin 2,AS65,L,CAT-F
AIRBUS HELICOPTERS,AS-365 Dauphin 2,AS65,L,CAT-F
AIRBUS HELICOPTERS,Dauphin 2,AS65,L,CAT-F
EUROCOPTER,AS-365 Dauphin 2,AS65,L,CAT-F
EUROCOPTER,AS-565 Panther,AS65,L,CAT-F
EUROCOPTER,Dauphin 2,AS65,L,CAT-F
EUROCOPTER,Panther,AS65,L,CAT-F
HARBIN,H-425 Haitun,AS65,L,CAT-F
HARBIN,WZ-9 Haitun,AS65,L,CAT-F
HELIBRAS,AS-365 Dauphin 2,AS65,L,CAT-F
HELIBRAS,Dauphin 2,AS65,L,CAT-F
HELIBRAS,Panther,AS65,L,CAT-F
VOUGHT,SA-366 Panther 800,AS65,L,CAT-F
AGUSTA,AB-206 LongRanger,B06,L,CAT-F
AGUSTA,JetRanger,B06,L,CAT-F
BELL,206A JetRanger,B06,L,CAT-F
BELL,206L LongRanger,B06,L,CAT-F
BELL,406 Combat Scout,B06,L,CAT-F
BELL,CH-139,B06,L,CAT-F
BELL,Combat Scout,B06,L,CAT-F
BELL,JetRanger,B06,L,CAT-F
BELL,Kiowa Warrior,B06,L,CAT-F
BELL,OH-58 Kiowa,B06,L,CAT-F
BELL,SeaRanger,B06,L,CAT-F
BELL,TH-67 Creek,B06,L,CAT-F
BELL,VH-4 JetRanger,B06,L,CAT-F
COMMONWEALTH (1),CA-32 Kiowa,B06,L,CAT-F
PANHA,2061,B06,L,CAT-F
BELL,TwinRanger,B06T,L,CAT-F
TRIDAIR,Gemini ST,B06T,L,CAT-F
CASA,HR-15,B105,L,CAT-F
DIRGANTARA,NBO-105,B105,L,CAT-F
EUROCOPTER,BO-105 Super Five,B105,L,CAT-F
KOREA AEROSPACE,BO-105,B105,L,CAT-F
MBB,BO-105 Twin Jet,B105,L,CAT-F
MBB,Twin Jet,B105,L,CAT-F
NURTANIO,NBO-105,B105,L,CAT-F
PADC,BO-105,B105,L,CAT-F
AGUSTA,AB-212,B212,L,CAT-F
BELL,212 Twin Two-Twelve,B212,L,CAT-F
BELL,UH-1N,B212,L,CAT-F
BELL,214A Isfahan,B214,M,CAT-F
BELL,214C BigLifter,B214,M,CAT-F
BELL,Isfahan,B214,M,CAT-F
BELL,230,B230,L,CAT-F
BELL,407,B407,L,CAT-F
BELL,ARH-70 Arapaho,B407,L,CAT-F
NUSANTARA,NBell-407,B407,L,CAT-F
AGUSTA,AB-412 Griffon,B412,L,CAT-F
AGUSTA,Hkp11,B412,L,CAT-F
BELL,412 Arapaho,B412,L,CAT-F
BELL,CH-146 Griffon,B412,L,CAT-F
BELL,Griffon,B412,L,CAT-F
BELL,Sentinel,B412,L,CAT-F
DIRGANTARA,NBell-412,B412,L,CAT-F
BELL,427,B427,L,CAT-F
BELL,429 GlobalRanger,B429,L,CAT-F
BELL,430,B430,L,CAT-F
BELL,47D,B47G,L,CAT-F
BELL,47G Trooper,B47G,L,CAT-F
BELL,OH-13 Sioux,B47G,L,CAT-F
BELL,TH-13T,B47G,L,CAT-F
BELL,UH-13H,B47G,L,CAT-F
WESTLAND,Sioux,B47G,L,CAT-F
BELL,47J Ranger,B47J,L,CAT-F
BELL,Ranger,B47J,L,CAT-F
BELL,UH-13J,B47J,L,CAT-F
BELL,UH-13R,B47J,L,CAT-F
BELL,505 Jet Ranger X,B505,L,CAT-F
BELL,525 Relentless,B525,M,CAT-F
CANADIAN HOME,Baby Belle,BABY,L,CAT-F
CASA,BK-117,BK17,L,CAT-F
EUROCOPTER-,BK-117C-1,BK17,L,CAT-F
MBB-KAWASAKI,BK-117,BK17,L,CAT-F
BRANTLY,B-2,BRB2,L,CAT-F
HYNES,H-2,BRB2,L,CAT-F
BELL,214ST SuperTransport,BSTP,M,CAT-F
CICARE,CH-12,CH12,L,CAT-F
CICARE,Aguilucho,CH14,L,CAT-F
HELI-SPORT,Kompress,CH7,L,CAT-F
HELICOM,Commuter,COMU,L,CAT-F
INTERNATIONAL,Commuter,COMU,L,CAT-F
TAMARIND,Commuter,COMU,L,CAT-F
SUD,Djinn,DJIN,L,CAT-F
SUD-OUEST,Djinn,DJIN,L,CAT-F
CRAE,Dragon Fly,DRAG,L,CAT-F
DRAGON FLY,Dragon Fly,DRAG,L,CAT-F
AIRBUS HELICOPTERS,H-120 Colibri,EC20,L,CAT-F
AIRBUS HELICOPTERS,Colibri,EC20,L,CAT-F
EUROCOPTER,Stylence (EC-120),EC20,L,CAT-F
EUROCOPTER,EC-120 Colibri,EC20,L,CAT-F
AIRBUS HELICOPTERS,H-225 Cougar Mk2+,EC25,M,CAT-F
AIRBUS HELICOPTERS,EC-725 Cougar Mk2+,EC25,M,CAT-F
AIRBUS HELICOPTERS,Cougar Mk2+,EC25,M,CAT-F
EUROCOPTER,EC-725 Caracal,EC25,M,CAT-F
EUROCOPTER,Cougar Mk2+,EC25,M,CAT-F
EUROCOPTER,EC-725 Cougar Mk2+,EC25,M,CAT-F
AIRBUS HELICOPTERS,H-130,EC30,L,CAT-F
EUROCOPTER,EC-130 Stylence,EC30,L,CAT-F
EUROCOPTER,EC-130,EC30,L,CAT-F
AIRBUS HELICOPTERS,Bluecopter,EC35,L,CAT-F
AIRBUS HELICOPTERS,EC-135,EC35,L,CAT-F
EUROCOPTER,EC-135,EC35,L,CAT-F
AIRBUS HELICOPTERS-,H-145,EC45,L,CAT-F
AIRBUS HELICOPTERS-,EC-145,EC45,L,CAT-F
AIRBUS HELICOPTERS-,Lakota,EC45,L,CAT-F
EUROCOPTER,UH-145,EC45,L,CAT-F
EUROCOPTER,Lakota,EC45,L,CAT-F
EUROCOPTER-,EC-145 Stylence,EC45,L,CAT-F
EUROCOPTER-,BK-117C-2,EC45,L,CAT-F
EUROCOPTER-,UH-145,EC45,L,CAT-F
EUROCOPTER-,Lakota,EC45,L,CAT-F
AIRBUS HELICOPTERS,EC-155,EC55,L,CAT-F
AIRBUS HELICOPTERS-,EC-175,EC75,M,CAT-F
AIRBUS HELICOPTERS-,H-175,EC75,M,CAT-F
EUROCOPTER-HARBIN,Z-15,EC75,M,CAT-F
AGUSTAWESTLAND,EH-101 Merlin,EH10,M,CAT-F
AGUSTAWESTLAND,UH-101,EH10,M,CAT-F
AGUSTAWESTLAND,Caesar,EH10,M,CAT-F
AGUSTAWESTLAND,AW-101 Merlin Joint,EH10,M,CAT-F
AGUSTAWESTLAND,Merlin,EH10,M,CAT-F
AGUSTAWESTLAND,EH-101 Merlin Joint,EH10,M,CAT-F
EHI,SH-101,EH10,M,CAT-F
EHI,CH-149 Cormorant,EH10,M,CAT-F
EHI,EH-101,EH10,M,CAT-F
EHI,EH-101 Merlin,EH10,M,CAT-F
FINMECCANICA,HH-101 Caesar,EH10,M,CAT-F
KAWASAKI,KHI-01,EH10,M,CAT-F
KAWASAKI,MCH-101,EH10,M,CAT-F
LEONARDO,HH-101 Caesar,EH10,M,CAT-F
CONTINENTAL COPTERS,El Tomcat,ELTO,L,CAT-F
ENSTROM,F-28,EN28,L,CAT-F
ENSTROM,F-28 Sentinel,EN28,L,CAT-F
ENSTROM,Sentinel,EN28,L,CAT-F
WUHAN,280,EN28,L,CAT-F
ENSTROM,TH-28,EN48,L,CAT-F
ALPI,AH-130 Syton,ES11,L,CAT-F
AVIOTECNICA,ES-101 Exec,ES11,L,CAT-F
AVIOTECNICA,Exec,ES11,L,CAT-F
HUZHOU TAIXIANG,Exec,EXEC,L,CAT-F
ROTORWAY,JetExec,EXEJ,L,CAT-F
BOEING,MD-902 Explorer,EXPL,L,CAT-F
MCDONNELL DOUGLAS,Enforcer,EXPL,L,CAT-F
MCDONNELL DOUGLAS,MD-900 Combat,EXPL,L,CAT-F
MCDONNELL DOUGLAS,MD-902 Explorer,EXPL,L,CAT-F
MD HELICOPTERS,Explorer,EXPL,L,CAT-F
FAIRCHILD (1),FH-1100,FH11,L,CAT-F
HILLER,FH-1100,FH11,L,CAT-F
ROGERSON HILLER,Pegasus,FH11,L,CAT-F
ROGERSON HILLER,RH-1100 Pegasus,FH11,L,CAT-F
AEROSPATIALE,Super Frelon,FREL,M,CAT-F
SUD,SA-321 Super Frelon,FREL,M,CAT-F
GUIMBAL,Cabri,G2CA,L,CAT-F
ABHCO,Gazelle,GAZL,L,CAT-F
AEROSPATIALE,Gazelle,GAZL,L,CAT-F
AEROSPATIALE,SA-342 Gazelle,GAZL,L,CAT-F
EUROCOPTER,SA-342 Gazelle,GAZL,L,CAT-F
SOKO,SA-341 Partizan,GAZL,L,CAT-F
SOKO,H-45 Partizan,GAZL,L,CAT-F
SOKO,HN-45 Partizan,GAZL,L,CAT-F
SUD,Gazelle,GAZL,L,CAT-F
SUD,SA-342 Gazelle,GAZL,L,CAT-F
HILLER,UH-12E3T,H12T,L,CAT-F
HILLER,UH-12ET,H12T,L,CAT-F
AIRBUS HELICOPTERS,H-160,H160,L,CAT-F
KAMAN,K-894 Super Seasprite,H2,L,CAT-F
KAMAN,SH-2 Seasprite,H2,L,CAT-F
KAMAN,Super Seasprite,H2,L,CAT-F
VERTOL,CH-21 Work horse,H21,L,CAT-F
BREDANARDI,NH-300,H269,L,CAT-F
HUGHES,280,H269,L,CAT-F
HUGHES,300 Sky Knight,H269,L,CAT-F
HUGHES,Osage,H269,L,CAT-F
HUGHES,TH-55 Osage,H269,L,CAT-F
HUGHES,200,H269,L,CAT-F
KAWASAKI,TH-55,H269,L,CAT-F
SCHWEIZER,269,H269,L,CAT-F
SCHWEIZER,269B,H269,L,CAT-F
SCHWEIZER,269C Sky Knight,H269,L,CAT-F
SCHWEIZER,300 Sky Knight,H269,L,CAT-F
SCHWEIZER,Osage,H269,L,CAT-F
SCHWEIZER,TH-55 Osage,H269,L,CAT-F
SHANGHAI SIKORSKY,Shen 2,H269,L,CAT-F
SIKORSKY,S-300,H269,L,CAT-F
KAMAN,HH-43A,H43A,L,CAT-F
KAMAN,HUK,H43A,L,CAT-F
KAMAN,OH-43,H43A,L,CAT-F
KAMAN,HH-43B Huskie,H43B,L,CAT-F
KAMAN,Huskie,H43B,L,CAT-F
KAMAN,K-600-5 Huskie,H43B,L,CAT-F
BOEING VERTOL,CH-46 Sea Knight,H46,M,CAT-F
BOEING VERTOL,HH-46 Sea Knight,H46,M,CAT-F
BOEING VERTOL,Labrador,H46,M,CAT-F
BOEING VERTOL,UH-46 Sea Knight,H46,M,CAT-F
KAWASAKI,KV-107,H46,M,CAT-F
AGUSTAWESTLAND,ICH-47 Chinook,H47,M,CAT-E
BOEING,CH-47 Chinook,H47,M,CAT-E
BOEING,HH-47,H47,M,CAT-E
BOEING,JCH-47 Chinook,H47,M,CAT-E
BOEING VERTOL,234,H47,M,CAT-E
BOEING VERTOL,CH-47 Chinook,H47,M,CAT-E
BOEING VERTOL,JCH-47 Chinook,H47,M,CAT-E
FINMECCANICA,ICH-47 Chinook,H47,M,CAT-E
KAWASAKI,CH-47 Chinook,H47,M,CAT-E
LEONARDO,ICH-47 Chinook,H47,M,CAT-E
MERIDIONALI,CH-47 Chinook,H47,M,CAT-E
AGUSTA,NH-500,H500,L,CAT-F
BOEING,Lifter,H500,L,CAT-F
BOEING,MD-500 Defender,H500,L,CAT-F
BOEING,MD-530F Lifter,H500,L,CAT-F
BOEING,MD-530MG Nightfox,H500,L,CAT-F
BREDANARDI,NH-500,H500,L,CAT-F
HUGHES,500,H500,L,CAT-F
HUGHES,530F,H500,L,CAT-F
HUGHES,AH-6G,H500,L,CAT-F
HUGHES,Defender,H500,L,CAT-F
HUGHES,MH-6C,H500,L,CAT-F
HUGHES,MH-6H,H500,L,CAT-F
KAWASAKI,369,H500,L,CAT-F
KAWASAKI,OH-6,H500,L,CAT-F
KOREAN AIR,500,H500,L,CAT-F
KOREAN AIR,520MK Black Tiger,H500,L,CAT-F
KOREAN AIR,Defender,H500,L,CAT-F
MCDONNELL DOUGLAS,Defender,H500,L,CAT-F
MCDONNELL DOUGLAS,MD-500,H500,L,CAT-F
MCDONNELL DOUGLAS,MD-500 Nightfox,H500,L,CAT-F
MCDONNELL DOUGLAS,MD-530MG Defender,H500,L,CAT-F
MCDONNELL DOUGLAS,MH-6H,H500,L,CAT-F
MD HELICOPTERS,Defender,H500,L,CAT-F
MD HELICOPTERS,MD-500,H500,L,CAT-F
MD HELICOPTERS,MD-500 Nightfox,H500,L,CAT-F
MD HELICOPTERS,MD-530MG Defender,H500,L,CAT-F
MD HELICOPTERS,Nightfox,H500,L,CAT-F
RACA,500,H500,L,CAT-F
SIKORSKY,MH-53J,H53,M,CAT-E
SIKORSKY,CH-53A Sea Stallion,H53,M,CAT-E
SIKORSKY,CH-53C,H53,M,CAT-E
SIKORSKY,CH-53G,H53,M,CAT-E
SIKORSKY,S-65,H53,M,CAT-E
SIKORSKY,Sea Stallion,H53,M,CAT-E
SIKORSKY,VH-53 Sea Stallion,H53,M,CAT-E
VFW,CH-53G,H53,M,CAT-E
SIKORSKY,King Stallion,H53S,M,CAT-E
SIKORSKY,CH-53E Super Stallion,H53S,M,CAT-E
SIKORSKY,Sea Dragon,H53S,M,CAT-E
ASTA,S-70 Seahawk,H60,M,CAT-F
HAWKER DE HAVILLAND,Black Hawk,H60,M,CAT-F
KOREAN AIR,Black Hawk,H60,M,CAT-F
MITSUBISHI,S-70 Seahawk,H60,M,CAT-F
MITSUBISHI,SH-60 Seahawk,H60,M,CAT-F
MITSUBISHI,USH-60 Seahawk,H60,M,CAT-F
SIKORSKY,Knighthawk,H60,M,CAT-F
SIKORSKY,MH-60 Knighthawk,H60,M,CAT-F
SIKORSKY,NSH-60 Seahawk,H60,M,CAT-F
SIKORSKY,Pave Hawk,H60,M,CAT-F
SIKORSKY,AH-60 Black Hawk,H60,M,CAT-F
SIKORSKY,Desert Hawk,H60,M,CAT-F
SIKORSKY,Firehawk,H60,M,CAT-F
SIKORSKY,HH-60 Jayhawk,H60,M,CAT-F
SIKORSKY,HH-60 Rescue Hawk,H60,M,CAT-F
SIKORSKY,JUH-60 Black Hawk,H60,M,CAT-F
SIKORSKY,S-70 Black Hawk,H60,M,CAT-F
SIKORSKY,S-70 Firehawk,H60,M,CAT-F
SIKORSKY,S-70 Thunderhawk,H60,M,CAT-F
SIKORSKY,SH-60 Ocean Hawk,H60,M,CAT-F
SIKORSKY,Strikehawk,H60,M,CAT-F
SIKORSKY,Thunderhawk,H60,M,CAT-F
SIKORSKY,UH-60 Firehawk,H60,M,CAT-F
SIKORSKY,VH-60 White Hawk,H60,M,CAT-F
SIKORSKY,Yanshuf,H60,M,CAT-F
BOEING,AH-64 Longbow,H64,M,CAT-F
BOEING,AH-64 Saraf,H64,M,CAT-F
FUJI,AH-64 Longbow,H64,M,CAT-F
HUGHES,AH-64 Apache,H64,M,CAT-F
HUGHES,JAH-64 Apache,H64,M,CAT-F
MCDONNELL DOUGLAS,AH-64 Apache,H64,M,CAT-F
MCDONNELL DOUGLAS,AH-64 Pethen,H64,M,CAT-F
MCDONNELL DOUGLAS,JAH-64 Apache,H64,M,CAT-F
MCDONNELL DOUGLAS,Pethen,H64,M,CAT-F
WESTLAND,Apache,H64,M,CAT-F
BELL,209 HueyCobra,HUCO,L,CAT-F
BELL,AH-1F HueyCobra,HUCO,L,CAT-F
BELL,AH-1S HueyCobra,HUCO,L,CAT-F
BELL,TAH-1 HueyCobra,HUCO,L,CAT-F
FUJI,AH-1 HueyCobra,HUCO,L,CAT-F
HELOWERKS,HX-2 Wasp,HX2,L,CAT-F
INSTYTUT LOTNICTWA,IS-2,IS2,L,CAT-F
ICA,Ka-126,K126,L,CAT-F
FAMA,K-209 KISS,K209,L,CAT-F
KAMOV,Ka-226 Sergei,K226,L,CAT-F
KAMOV,Ka-25,KA25,M,CAT-F
KAMOV,Ka-27,KA27,M,CAT-F
KAMOV,Ka-29,KA27,M,CAT-F
KAMOV,Ka-32,KA27,M,CAT-F
KAMOV,Ka-252,KA27,M,CAT-F
KAMOV,Chernaya Akula,KA50,M,CAT-F
KAMOV,Ka-50 Chernaya Akula,KA50,M,CAT-F
KAMOV,Werewolf,KA50,M,CAT-F
KAMOV,Ka-52 Alligator,KA52,M,CAT-F
KAMOV,Ka-62,KA62,L,CAT-F
KAWASAKI,KH-4,KH4,L,CAT-F
KAMAN,K-Max,KMAX,L,CAT-F
AEROSPATIALE,SA-315 Lama,LAMA,L,CAT-F
EUROCOPTER,SA-315 Lama,LAMA,L,CAT-F
HELIBRAS,HB-315 Gaviao,LAMA,L,CAT-F
HINDUSTAN,Cheetal,LAMA,L,CAT-F
HINDUSTAN,SA-315 Cheetah,LAMA,L,CAT-F
HINDUSTAN,SA-315 Lancer,LAMA,L,CAT-F
SUD,SA-315 Lama,LAMA,L,CAT-F
LOAD RANGER,2000,LR2T,L,CAT-F
AGUSTAWESTLAND,Super Lynx,LYNX,L,CAT-F
AGUSTAWESTLAND,Wildcat,LYNX,L,CAT-F
AGUSTAWESTLAND,Lynx Wildcat,LYNX,L,CAT-F
FINMECCANICA,Lynx Wildcat,LYNX,L,CAT-F
FINMECCANICA,Wildcat,LYNX,L,CAT-F
LEONARDO,Lynx Wildcat,LYNX,L,CAT-F
LEONARDO,Wildcat,LYNX,L,CAT-F
WESTLAND,Lynx Wildcat,LYNX,L,CAT-F
WESTLAND,Battlefield Lynx,LYNX,L,CAT-F
WESTLAND,AW-159 Lynx Wildcat,LYNX,L,CAT-F
WESTLAND,WG-13 Lynx,LYNX,L,CAT-F
TEXAS HELICOPTER,M-74 Wasp,M74,L,CAT-F
BOEING,MD-520N,MD52,L,CAT-F
MCDONNELL DOUGLAS,MD-520N,MD52,L,CAT-F
MCDONNELL DOUGLAS,MH-6J,MD52,L,CAT-F
BOEING,MD-600N,MD60,L,CAT-F
MCDONNELL DOUGLAS,MD-600N,MD60,L,CAT-F
MITSUBISHI,MH-2000,MH20,L,CAT-F
MIL,Mi-14,MI14,M,CAT-F
PZL-SWIDNIK,Bazant,MI2,L,CAT-F
PZL-SWIDNIK,Kitty Hawk,MI2,L,CAT-F
PZL-SWIDNIK,Mi-2 Bazant,MI2,L,CAT-F
PZL-SWIDNIK,Mi-2 Kitty Hawk,MI2,L,CAT-F
MIL,Sabre,MI24,M,CAT-F
MIL,Caribe,MI24,M,CAT-F
MIL,Mi-25,MI24,M,CAT-F
MIL,Mi-26,MI26,M,CAT-D
MIL,Mi-34,MI34,L,CAT-F
HARBIN,Xuanfeng,MI4,L,CAT-F
HARBIN,Z-5 Xuanfeng,MI4,L,CAT-F
MIL,Mi-6,MI6,M,CAT-D
MIL,Mi-8,MI8,M,CAT-F
MIL,Mi-17,MI8,M,CAT-F
MIL,Mi-171,MI8,M,CAT-F
SICHUAN LANTIAN,Mi-17,MI8,M,CAT-F
UNIS,Bongo,NA40,L,CAT-F
AUSTRALIAN,MRH-90,NH90,M,CAT-F
NHI,NH-90 Caiman,NH90,M,CAT-F
NHI,MRH-90,NH90,M,CAT-F
PATRIA,NH-90,NH90,M,CAT-F
KAWASAKI,OH-1,OH1,L,CAT-F
PZL-SWIDNIK,Maluch,PSW4,L,CAT-F
PZL-SWIDNIK,SW-4,PSW4,L,CAT-F
PZL-SWIDNIK,Puszczyk,PSW4,L,CAT-F
AEROSPATIALE,CH-33 Puma,PUMA,L,CAT-F
AEROSPATIALE,SA-330 Puma,PUMA,L,CAT-F
IAR,Puma,PUMA,L,CAT-F
ICA,IAR-330 Puma,PUMA,L,CAT-F
NURTANIO,Puma,PUMA,L,CAT-F
SUD,SA-330 Puma,PUMA,L,CAT-F
AERO ELI,Yo-Yo,R22,L,CAT-F
ROBINSON,Mariner,R22,L,CAT-F
ROBINSON,R-22 Beta,R22,L,CAT-F
SIKORSKY,R-4 Hoverfly,R4,L,CAT-F
SIKORSKY,Hoverfly,R4,L,CAT-F
ROBINSON,Clipper,R44,L,CAT-F
ROBINSON,R-44 Clipper,R44,L,CAT-F
ROBINSON,Raven,R44,L,CAT-F
HILLBERG,EH1-01 Rotormouse,RMOU,L,CAT-F
MITSUBISHI,RP-1,RP1,L,CAT-F
ATLAS,Rooivalk,RVAL,M,CAT-F
DENEL,CSH-2 Rooivalk,RVAL,M,CAT-F
IRGC,Shahed 274,S274,L,CAT-F
HESA,Shahed OH-78,S278,L,CAT-F
HESA,Shahed AH-85,S285,L,CAT-F
SCHWEIZER,269D 333,S330,L,CAT-F
SCHWEIZER,333,S330,L,CAT-F
SIKORSKY,S-333,S330,L,CAT-F
AEROSPATIALE,SA-360 Dauphin,S360,L,CAT-F
SIKORSKY,S-434,S434,L,CAT-F
SIKORSKY,S-51,S51,L,CAT-F
SIKORSKY,HO3S,S51,L,CAT-F
SIKORSKY,HO5S,S52,L,CAT-F
SIKORSKY,S-55,S55P,L,CAT-F
SIKORSKY,S-55C,S55P,L,CAT-F
SIKORSKY,Chickasaw,S55P,L,CAT-F
SIKORSKY,H-19 Chickasaw,S55P,L,CAT-F
SIKORSKY,HO4S,S55P,L,CAT-F
SIKORSKY,UH-19,S55P,L,CAT-F
SIKORSKY,S-55T,S55T,L,CAT-F
WESTLAND,Whirlwind 3,S55T,L,CAT-F
SIKORSKY,S-58,S58P,L,CAT-F
SIKORSKY,CH-34 Chocktaw,S58P,L,CAT-F
SIKORSKY,HH-34 Seahorse,S58P,L,CAT-F
SIKORSKY,HUS Seahorse,S58P,L,CAT-F
SIKORSKY,S-58D,S58P,L,CAT-F
SIKORSKY,Seahorse,S58P,L,CAT-F
SIKORSKY,UH-34 Seahorse,S58P,L,CAT-F
SIKORSKY,S-58DT,S58T,L,CAT-F
SIKORSKY,S-58T,S58T,L,CAT-F
AGUSTA,AS-61N,S61,M,CAT-F
AGUSTA,SH-3,S61,M,CAT-F
HELIPRO,Shortsky,S61,M,CAT-F
MITSUBISHI,S-61A,S61,M,CAT-F
SIKORSKY,Nuri,S61,M,CAT-F
SIKORSKY,HSS-2 Sea King,S61,M,CAT-F
SIKORSKY,S-61A Nuri,S61,M,CAT-F
SIKORSKY,S-61D,S61,M,CAT-F
SIKORSKY,S-61N,S61,M,CAT-F
SIKORSKY,SH-3 Sea King,S61,M,CAT-F
SIKORSKY,VH-3 Sea King,S61,M,CAT-F
WESTLAND,Commando,S61,M,CAT-F
WESTLAND,WS-61 Commando,S61,M,CAT-F
AGUSTA,AS-61R,S61R,M,CAT-F
SIKORSKY,Pelican,S61R,M,CAT-F
SIKORSKY,HH-3,S61R,M,CAT-F
SIKORSKY,S-61R,S61R,M,CAT-F
SIKORSKY,S-62,S62,L,CAT-F
SIKORSKY,CH-54 Tarhe,S64,M,CAT-E
SIKORSKY,Skycrane,S64,M,CAT-E
AEROSPATIALE,Dauphin 2 (SA-365C),S65C,L,CAT-F
KEYSTONE,S-76,S76,L,CAT-F
SIKORSKY,Eagle,S76,L,CAT-F
SIKORSKY,S-76,S76,L,CAT-F
SIKORSKY,Spirit,S76,L,CAT-F
SIKORSKY,Cyclone,S92,M,CAT-F
SIKORSKY,Superhawk,S92,M,CAT-F
SIKORSKY,S-92 Helibus,S92,M,CAT-F
SIKORSKY,Raider,S97,L,CAT-F
WESTLAND,Scout,SCOU,L,CAT-F
KOPTER,SH-09,SH09,L,CAT-F
BELL,449 SuperCobra,SUCO,M,CAT-F
BELL,AH-1Z SuperCobra,SUCO,M,CAT-F
PANHA,2091,SUCO,M,CAT-F
BRISTOL,171 Sycamore,SYCA,L,CAT-F
AIRBUS HELICOPTERS,EC-665 Tiger,TIGR,L,CAT-F
AIRBUS HELICOPTERS,Tiger,TIGR,L,CAT-F
AUSTRALIAN,EC-665 Tiger,TIGR,L,CAT-F
EUROCOPTER,EC-665 Tiger,TIGR,L,CAT-F
EUROCOPTER,Tiger,TIGR,L,CAT-F
AGUSTA,AB-204,UH1,L,CAT-F
AGUSTA,Hkp3,UH1,L,CAT-F
BELL,204,UH1,L,CAT-F
BELL,210,UH1,L,CAT-F
BELL,CUH-1H,UH1,L,CAT-F
BELL,HH-1 Iroquois,UH1,L,CAT-F
BELL,Iroquois,UH1,L,CAT-F
BELL,TH-1E Iroquois,UH1,L,CAT-F
BELL,TH-1H Iroquois,UH1,L,CAT-F
BELL,UH-1A Iroquois,UH1,L,CAT-F
BELL,UH-1C Iroquois,UH1,L,CAT-F
BELL,UH-1E Iroquois,UH1,L,CAT-F
BELL,UH-1H Iroquois,UH1,L,CAT-F
BELL,UH-1M Iroquois,UH1,L,CAT-F
DORNIER,UH-1,UH1,L,CAT-F
FUJI,205,UH1,L,CAT-F
GLOBAL,Huey 800,UH1,L,CAT-F
UNC,Ultra Huey,UH1,L,CAT-F
FAIRCHILD HILLER,L3,UH12,L,CAT-F
FAIRCHILD HILLER,OH-23 Raven,UH12,L,CAT-F
FAIRCHILD HILLER,SL3,UH12,L,CAT-F
FAIRCHILD HILLER,UH-12E,UH12,L,CAT-F
HILLER,HTE Raven,UH12,L,CAT-F
HILLER,Raven,UH12,L,CAT-F
HILLER,UH-12C,UH12,L,CAT-F
HILLER,UH-12E3,UH12,L,CAT-F
HILLER,UH-12E5,UH12,L,CAT-F
HILLER,UH-12L4,UH12,L,CAT-F
HILLER,UH-12SL4,UH12,L,CAT-F
ROGERSON HILLER,UH-12E Hauler,UH12,L,CAT-F
AMERICAN,Ultrasport 496,ULTS,L,CAT-F
PZL-SWIDNIK,Anakonda,W3,L,CAT-F
PZL-SWIDNIK,Gipsowka,W3,L,CAT-F
PZL-SWIDNIK,Procjon,W3,L,CAT-F
PZL-SWIDNIK,Sokól,W3,L,CAT-F
PZL-SWIDNIK,W-3 Anakonda,W3,L,CAT-F
PZL-SWIDNIK,W-3 Gipsowka,W3,L,CAT-F
PZL-SWIDNIK,W-3 Sokól,W3,L,CAT-F
PZL-SWIDNIK,Gluszec,W3,L,CAT-F
WESTLAND,Wessex,WESX,L,CAT-F
WESTLAND,30,WG30,L,CAT-F
CHANGHE,WZ-10,WZ10,L,CAT-F
EUROCOPTER,X-3,X3,L,CAT-F
PIASECKI,SpeedHawk,X49,M,CAT-F
SIKORSKY,SpeedHawk,X49,M,CAT-F
AVIAIMPEX,Yanhol,YNHL,L,CAT-F
AEROKOPTER,ZA-6 Sanka,ZA6,L,CAT-F
SAFAT,2,ZA6,L,CAT-F
